,Date,User,Tweet
0,2022-04-17 10:19:23+00:00,alannvnt,"Evolusi Perilaku Manusia pt. 1

Memasuki course baru yaitu Evolusi Perilaku Manusia. Course ini memiliki lima modul yang bisa dipelajari dan juga merupakan course terakhir sebelum memasuki course UI/UX."
1,2022-04-16 13:21:25+00:00,mediaevent__,"*[UI/UX Web Design Competition - GradIT]*
 
Halo Tech Mate, teman-teman Mahasiswa IT se-Indonesia! Perkenalkan kami adalah GradIT Platform Digital Talent Academy yang menyediakan Web Developer Programming Course. Kami sedang mengadakan Kompetisi Nih! Yuk pada ikutan! https://t.co/CFFMa5ILJ3"
2,2022-04-16 08:30:25+00:00,annnnnnnnnnnsie,"@psHazwan Tak buang lagi. Frame. Nak amik cert lain plak, udemy course tgh sale. Ada visual com, ui ux, marketing etc pastu tayang kt linkedin/job iv shantik shikit😬"
3,2022-04-16 04:23:35+00:00,ITDevCOMPFEST,"sabtu pagi ini, tim UI/UX mengawali hari mereka dengan crash 💥 course 🤓👊 day 2 sebagai persiapan utk sprint berikutnya 🏃‍♀️ https://t.co/ByBIPaWfQT"
4,2022-04-16 03:14:15+00:00,codingfess,"Code; saran course tentang ui/ux, ux writing, ux research dong. Kalau bisa yg ada sertifikatnya"
5,2022-04-15 10:33:36+00:00,tinasugiyarto,"@banyurachman Salam bang dari sy yg br bermodalkan mini course ui ux design, dan blm ngerti apa2 yg di omongin kakak2 dsini, namun terdngar menarikk. Hihi selamat jg utk pencapaian nya bang 🙏🏻"
6,2022-04-14 16:17:55+00:00,ARF_9,"@midnightcooler @worksfess Hello, boleh ikut untuk ui /ux course classnya kak? Tertarik buat belajar. Kayaknya kl kelas lebih menarik karena akan ada project2 mininya langsung abis hands on"
7,2022-04-11 10:21:37+00:00,tinasugiyarto,@permana_fatur14 @worksfess Kek nya ui ux design sih kaaak. Pernah ikut mini course nya suka sih. Ada rekomenan?
8,2022-04-10 13:26:31+00:00,siiyncan,"@collegemenfess Bisa di Coursera, buildwithangga, atau di ig juga banyak kok course UI/UX tuu"
9,2022-04-10 06:35:37+00:00,metawingss,"@worksfess Imo kalau gaji masih 2 jt mending invest softskill dulu nder...ikut course yg terjangkau gt design grafis/marketing/ui ux..bangun porto, bangun relasi...kalau income naik baru kpr..kalau 2 jt nekat kpr apa ga kecekek nder😭"
10,2022-04-09 04:54:55+00:00,akbarh_day,"Nyoba belajar yg belum pernah dipelajari, daftar course UI/UX emm.. hmm.. tau gitu mending IoT arduino, nikmati aja 🙃"
11,2022-04-08 08:17:01+00:00,anotherdiaryy,"@DesignersHalo Wah kebetulan banget nih @DesignersHalo lagi berbagi course, terimakasih sebelumnya, dan alasan kenapa saya mau belajar di bidan UI/UX karena saya tertarik dengan bidang ini dan kebetulan juga untuk persiapan magang, jadi besar harapan dapat terpilih menjadi pemenang."
12,2022-04-07 12:40:54+00:00,omipiee,"pengen lanjutin course ui/ux gue. tapi mata gue panas 😭 gegara tidur cm 4 jam, paginya terpaksa bikin alat iot. melotot mulu 3 jam 🗿"
13,2022-04-04 06:02:54+00:00,Alipnoss,"@Galuhakhdandika Yah, baru nemu tweet ini. Maunanya dong mas hal utama yang harus diperhatikan saat berkarir di ui/ux itu apa yaa? Soalnya masih awam tapi Sudah pernah ikut course kecil kecilan sih. 

Gaada tempat buat nanya2 soalnya. 
Makasih."
14,2022-04-03 02:17:16+00:00,jenoyaaa14,@sbmptnfess Tapi untuk peluang pekerjaaan lebih banyak mana ya target ku antara jadi UI/UX design atau front end developer atau ke SI tapi ambil course yang ada di TI gitu ?
15,2022-04-02 15:52:55+00:00,collegemenfess,info course ui/ux gratis dong TIA [cm]
16,2022-04-02 00:15:27+00:00,convomfs,💭 Ada yang tau free course untuk UI/UX design gak? Atau website yang bagus untuk belajar tentang itu? Thank you!
17,2022-03-27 02:46:11+00:00,matchadins,"@skripstwit @vinjrendia @bubblegummydoll @sereinbangtan @collegemenfess ka mau nanya, untuk magang di bidang ui ux, kita sebelumnya harus ada experiencenya ga ya?? atau kaka nyantumin pernah ikut course-course aja di cv? makasih ka"
18,2022-03-27 02:31:50+00:00,skripstwit,@vinjrendia @bubblegummydoll @sereinbangtan @collegemenfess Sharing my own experience. Aku anak pend. Tapi interest bidang ui ux. Belajar dari free course dan webinar sama baca2 artikel atau denger podcast. Ga pernah ikut bootcamp berbayar krn gada duit tp alhamdulillah dikasi kesempatan bisa magang di bidang ui ux. Btw aku smt 6
19,2022-03-26 03:01:24+00:00,karirfess,Kr! Mau tanya kalau course ui/ux design yang worth it dimana ya?
20,2022-03-25 08:39:59+00:00,kwamisato,"@ZhRunr bukannn, aku anak sistem informasi dan kebetulan lagi ikut course ui/ux"
21,2022-03-25 05:48:33+00:00,D_swaggal,#MsaadaTwitani Naweza kupata wapi short course ya UX &amp; UI kwa dar
22,2022-03-21 11:47:28+00:00,clorodia,"@MFaizGhifari Mas bikin bootcamp ux writing dong, kesana kemari nyari course nya ga nemu2 kebanyakan ui/ux design🥲"
23,2022-03-20 15:23:28+00:00,yaemi823,"ada ya, lembaga yg adain paid UI/UX course, tp jujur UXnya mengecewakan sekali🥹🙏🏻

akibatnya apaa? bikin mager baca materi coursenya krn ribet."
24,2022-03-16 07:25:00+00:00,worksfess,"work! disini ada yang pernah ikut course ui/ux di sanbercode gak? aku mau tanya-tanya, boleh?"
25,2022-03-15 15:05:00+00:00,worksfess,"work! ada kah yang nyebrang karir ke ui/ux design dengan bekel portfolio aja? tanpa ikut course dkk, full otodidak."
26,2022-03-11 13:45:01+00:00,worksfess,Work! ada yang pernah ikut course UI UX? kalo boleh tau ikut dimana ya?
27,2022-03-09 04:00:30+00:00,benimaru____,"bos w nyuruh w course gratisan ui ux untuk......... 

ya benar design newsletter. 

😶

ga lagi gue ngaku bisa design ajg."
28,2022-03-07 16:21:00+00:00,undipmenfess,"-dips! ada yg tau info course online atau bootcamp buat ui/ux developer yang free gak? kalo ada minta tolong rep dong, terimakasihh ✨✨✨"
29,2022-03-04 15:08:40+00:00,cperdiansyaah,"Day 1 of 100

Mencoba mulai belajar React JS dari berbagai macam platform. Kebetulan nimbun banyak course BWA dari kapan tau dan baru sempat dibuka sekarang jadi semoga bisa terarah. Niatnya 1 minggu ini di push untuk kelarin 1 course MERN 2020 dengan skip materi UI/UX Design."
30,2022-03-03 15:17:06+00:00,nandofirmansya,"Maret ini yaa baru awal udah mak jeblum, semogaa bisa nyelesein semuanyaaaaa 🥲, mulai dari Bootcamp UI UX , Short Course buat motion graphic, CBP batch 3, dan ngurusin internalisasi tim wedding, mulai dari tahapan sampe konsep acara 🥲"
31,2022-03-02 11:58:06+00:00,Ishrafuu,"@nightmunch Sempat je, aku pun baru enroll ui/ux design course kat udemy sbb ade discount. Lai"
32,2022-03-01 23:12:41+00:00,tofurebus,"Anjirr mantep nih canva skrg bisa all in one. Padahal baru banget akhir tahun kemaren gue ikut course UI/UX pake figma, eh skrg ada yg lebih mudah lagi dari figma wkwk https://t.co/zVw80JODMH"
33,2022-03-01 11:13:39+00:00,hasyemiraws,"Ini ambil course DGMmya @belajarlagiHQ agak side-track memang walau sebenernya masih masuk dalam rencana untuk mengembangkan leher atas di tahun ini.

Awalnya mau ambil course UI/UX    dulu, tapi ya karna WoM BelajarLagi yg luar biasa, jadi FOMO bgt buat ikutan."
34,2022-02-26 08:20:45+00:00,_joni_joni_joni,"@izuddinhelmi Kalau untuk aku (personally) psikologi atau sains politik.

Tapi dah ko buat UI/UX, baik ambil course tu aje. Confirm boleh ace assignment."
35,2022-02-25 10:45:55+00:00,pahlawan_siang,@codingfess Wkwk iyee juga dulu ngebet ngejar full stack developer sekarang maah udh beda jalur ke ui/ux dan itupun belajar mandiri tnpa course
36,2022-02-24 15:15:25+00:00,ameliasekar1,"Perasaan gw belajar mulu, pinter kagak. Ngebul doang iya ini mah.
Mana gegayaan ambil course buat UI/UX pula. Agak gimana si gw ya 👄"
37,2022-02-23 22:15:40+00:00,txtdrfanboy1d,"setelah baca2 beberapa artikel di medium dan course online, baru ngeh perbedaan antara ux design dan ui design 😀"
38,2022-02-22 10:32:26+00:00,__jonginnie_,"@worksfess kemarin sih ada lihat https://t.co/EiBLJNTsfA banyak mini course dan salah satunya ui/ux gitu dan gratiss, coba ajaa kalau nyaman mereka juga ada bootcampnyaa"
39,2022-02-20 08:40:00+00:00,worksfess,work! aku fg mau coba belajar ui/ux dr paling mendasar. boleh minta saran course yang bagus dimana? atau ada yang pernah di sanberc0de boleh minta reviewnya juga. terima kasih
40,2022-02-19 04:25:01+00:00,worksfess,work! aku fg dan lagi butuh banget belajar digital marketing dan ui/ux. aku udah nemu course nya tp cuma bisa mampu ikut 1 kelas aja antara digital marketing atau ui/ux. temen2 boleh minta masukannya gak? terima kasih
41,2022-02-19 04:10:01+00:00,worksfess,work! lg butuh banget belajar digital marketing dan ui/ux. aku udah nemu course nya cuma karena aku hanya bisa mampu bayar 1 kelas aja. temen2 boleh minta masukannya gak? terima kasih
42,2022-02-18 03:39:22+00:00,sugarmelteds,@worksfess Kemaren tuhhh ada pendaftaran buat digitalent ui/ux tapi udah tutup pdhl aku mau ikut juga nder huhu. Bisa ikut bootcamp/course nderr coba di myskill deh
43,2022-02-16 07:13:32+00:00,chipchromelove,this tweet passed through my tl ketika gue lg ngerjain kuis course ui/ux dan abis nanyain kelas bhs korea ke faila sambil ngescroll twitter buat catch up nyfw https://t.co/BVid5EWj8Q
44,2022-02-13 06:52:38+00:00,iindahfzyh,"Sedikit cerita gue pengen checkout ini udah lama. Waktu itu ngeliat di TL ada yg abis checkout course UI/UX (gue lupa ini siapa). Tp asli waktu itu jd terjangkau banget cuma 109k. Karna gue masih mikir2, gue lupa tuh. Eh pas check harganya udah NORMAL. Kesel? Banget"
45,2022-02-09 16:29:21+00:00,worksfess,"work! kalian ada ga tempat course UI/UX gitu yang biayanya 3 juta maksimal, aku mau ikut kalo ada infonya ya.  gabisa mahal2 soalnya ya yo know lah 😅😅"
46,2022-02-09 09:38:25+00:00,DraftAnakUnpad,"- mending ambil course digital marketing, ui/ux atau SEO ya?"
47,2022-02-07 11:14:37+00:00,aqilah4lim,"Budak baru habis spm kalau taktahu nak ambil course apa dekat uni, belajar jadi ux/ui designer. So far banyak company nak pakai ux/ui designer. Masyuk, ofcourse."
48,2022-02-05 04:11:43+00:00,worksfess,Work! Aku bukan lulusan dr teknik/IT gitu tp mau belajar tentang ui/ux kira2 kalo mau pelatihan gitu dimana ya? Atau course yg free gt
49,2022-02-04 15:39:22+00:00,pergikepantai,@ut_uhuy Min belajar UI/UX sendiri apa course? Emang lagi hype sih UI/UX ini.
50,2022-02-04 08:34:32+00:00,naniyaaak,"harusnya nih dulu ambil course ui/ux design, atau programmer yaaak hihiii, karna tbtb tertarik yg seperti itu😳"
51,2022-02-02 04:36:13+00:00,worksfess,work! URGENT bantu sender pilih online course antara Data science atau UI/UX thanks sarannya mwah
52,2022-02-01 23:05:50+00:00,collegemenfess,Course Ui/ux itu bahas apa ya? Pen ikutan kek gitu tapi ga ngerti bahas apaan hehe. [Cm]
53,2022-02-01 15:13:10+00:00,collegemenfess,[cm] bootcamp atau course UI UX sama excel yg recommend di mana ya ?
54,2022-01-31 15:18:47+00:00,alserembani,"@magmalaya Semua course ni menarik, tapi tak semua tau course ni taxing to your brain, dapat-dapat sentiasa ada benda baru setiap hari.

Pertama, tanya minat.

Kedua, kalau tak tau minat apa, tanya sama ada suka main dengan benda tak nampak (data dsb) atau benda boleh nampak (UI/UX)."
55,2022-01-31 00:04:30+00:00,collegemenfess,guys kalo mau belajar ui/ux design itu harus belajar koding2an dulu ga? aku bukan org IT tapi pgn bgt belajar ui/ux.... kira2 channel youtube/course (gratis) yg nyediain pembelajaran tentang ui/ux dari awal bgt apa yaaaa? tencuuu gengs🤩👍🏼 [cm]
56,2022-01-27 06:37:46+00:00,worksfess,"work! aku lagi nyari free course buat ui design tp adanya yg disedian google tuh ux nya, kalian ada yg pernah nyoba? worth it enggak? makasih sebelumnya, btw aku baru masuk ke dunia ui design"
57,2022-01-26 15:33:04+00:00,riijjall,"@collegemenfess gw bukan IT, tp skrng lgi dalami ui ux sih, kalau bisa kamu belajar otodidak melalui course, kenapa? kalau ada uang mending beli course investasi ilmu jekwkw kalau pun ntar diajarin dosen km ntar juga dpt EZ Nilai A kwkwkw"
58,2022-01-24 11:55:55+00:00,collegemenfess,"[Cm] aku kan niatnga mau dalemin design ui/ux lewat course.. Nah tapi aku dari dasar banget gitu, kira kira apa aja yang perlu disiapin yaa?"
59,2022-01-23 15:07:07+00:00,itzNXUS,"Na ipatha cllg 3rd year padikuren nanba....B tech IT... coding la interest poi...3 months ui/ux design course mudichuruken... internship ku oru oru company ya apply panditu iruken....

Yarachu inga help panda. Mudincha help pandunga

#Beast  @actorvijay #Valimai️"
60,2022-01-23 13:23:35+00:00,fitririzkin,Mau ambil course ui/ux eh jadwalnya bentrok mulu ama les korea🥲🥲 padahal target ku 2022 harus nambah 1 skill
61,2022-01-20 01:17:20+00:00,castawaylik,pengen ambil course ui/ux design di coursera tapi ko yo lumayan mahal ya
62,2022-01-15 14:11:35+00:00,worksfess,"work! ayoo beri aku rekomendasi untuk course ui/ux, mau siapin dari sekarang karena sepertinya akan menyebrang jalur dari yang tertera di ijazah🥲 https://t.co/CrHfuV1R2f"
63,2022-01-13 03:58:57+00:00,collegemenfess,"[cm] info course gratis nih, ada free class digital marketing sama data science, ui/ux juga, link pendaftaran tertera

kalo kalian biasanya free course dimanaa, sender lagi nyari yg lain ni https://t.co/L6hGfVt5uC"
64,2022-01-11 03:41:46+00:00,xxaisss,"2021 : aku gamau ambil course ui/ux, karena susah dan gabakat desain

2022 : disuruh bikin mockup

that's life"
65,2022-01-09 16:21:03+00:00,ryan_i2,@codingfess Tergantung sih cmn lbh baik ambil ui/ux aja lbh cepet dapet kerja + bisa freelance juga. Kalau PM setelah kerja jd ui/ux baru deh ambil course PM
66,2022-01-09 16:16:53+00:00,codingfess,code; kalau mau ambil course sebaiknya ambil ui/ux dulu atau product management dulu?
67,2022-01-04 19:58:04+00:00,notyourpolice,@bonsainyamjoon @worksfess belajar ui/ux ikut course dmna kak?
68,2022-01-04 07:56:26+00:00,lionchaeng99,"@dwinawan_ pas saya tanya seputar ui/ux juga mereka kurang paham, padahal katanya sudah mengikuti course dan mendapat sertifikat"
69,2022-01-04 07:54:26+00:00,carameljavachi1,"Anw, ini bukan iklan tapi mau kasih info aja. Siapa tau ada yang tertarik belajar UI/UX, ini di Udemy lagi ada diskon ternyata. Banyak course UI/UX yang diskon jadi 99k! 👏👏👏 https://t.co/8mob8gttEs"
70,2022-01-03 23:25:31+00:00,invxble,Pernah mau free course belajar ui/ux tapi keburu di. . . https://t.co/DpP1cIrMsL
71,2022-01-02 16:20:42+00:00,awhtflo,"mau mulai rajin belajar bahasa baru (start at duolingo to get familiar tapi lama2 cari course lain). mau mulai belajar coding juga, dan karena ngeliat temen jadi pengen belajar ui/ux (tapi sadar juga harus satu2)"
72,2022-01-02 15:43:13+00:00,caprikido,"@_cing @prkdlx bisa bang, ikut course aja gua jg lg belajar meskipun kerjaan skrg ama UI/UX agak beda jauh"
