,Date,User,Tweet
0,2022-04-11 08:52:27+00:00,saptrainingm,"SAP Training Marathahalli 
Best SAP FICO | ABAP | MM | HR | SD Training Institute in Marathahalli
Call Us: 080952 51060
https://t.co/0PpFFd3SlF
 #SapFICO #SapMM #SAPABAP #SAPHR/HCM #SAPSD #SAPWM #PYTHON https://t.co/ZqYNXpCpi8"
1,2022-04-02 22:10:28+00:00,remote_dev_jobs,"Data Engineer at Betterup, Inc. #Advocate #BI #Database #Design #Python #Research #Security #SQL #Systems #Test #Training 👉 https://t.co/ofq1MvmCJv"
2,2022-03-29 20:01:24+00:00,lenedelr,"c++ belajar since matriks then uitm first sem ada belajar balik
python belajar time kerja ada training 2 hari

semoga bermanfaat satu hari nanti https://t.co/1o4Rz5qrWS"
3,2022-03-23 02:01:36+00:00,zeddleer,Bosannya python training hshsh smpai jam 1 lgituu uhuhu
4,2022-03-05 19:10:28+00:00,remote_dev_jobs,"Data Engineer at Betterup, Inc. #Advocate #BI #Database #Design #Python #Research #Security #SQL #Systems #Test #Training 👉 https://t.co/ofq1MvmCJv"
5,2022-02-11 14:50:25+00:00,CloudDoor1,"#clouddoor #clouddoor Melanjutkan soal ini. Sekarang sudah bisa sync proyek python lokal dengan google colab, kemudian dipakai untuk training model MNIST classifier.

Video lebih jelas: https://t.co/OnRFmNp8tf

ps: lagi-lagi github copilot bantuin saya bikin script training-nya :"
6,2022-02-11 13:50:25+00:00,CloudDoor1,"#clouddoor Melanjutkan soal ini. Sekarang sudah bisa sync proyek python lokal dengan google colab, kemudian dipakai untuk training model MNIST classifier.

Video lebih jelas: https://t.co/OnRFmNp8tf

ps: lagi-lagi github copilot bantuin saya bikin script training-nya :p https://t"
7,2022-02-11 13:28:36+00:00,aria_ghora,"Melanjutkan soal ini. Sekarang sudah bisa sync proyek python lokal dengan google colab, kemudian dipakai untuk training model MNIST classifier.

Video lebih jelas: https://t.co/K8pHU0GASm

ps: lagi-lagi github copilot bantuin saya bikin script training-nya :p https://t.co/AxS7YM3Y96 https://t.co/gRCmUXBnkY"
8,2022-01-23 15:50:51+00:00,jowobritish,"jadi w lagi belajar Artificial Intelligence, ngutak atik tensorflow sama python pake colaboratory. dari sini w paham klo dataset utk training sebuah model itu datanya gede, beban bgt ke resource, dengan cara ini shoper gausah pusing nganalisis data lu di kantor mereka, karena-"
9,2022-01-17 06:08:28+00:00,adham_dehe,"@chairman_GLC dulu saya cuba apply kerja dkt kilang. Saya letak dlm resume ""ada training python"". Tup2 interviewer ckp saya ni jenis tak focus. La apa slhnya kalau ada ilmu wlpun bidang tak berkaitan. Pendek kata semua ni atas angin iv je. Dia tak minat dgn u, dia cherry pick benda tak kena"
