,Date,User,Tweet
0,2022-04-17 09:55:03+00:00,Harian_Jogja,Dosen UMY Beri Pelatihan Komunikasi Terapeutik dan Hibah Alat Inframerah Berbasis Android https://t.co/3qFGP6EEaD #beritajogja #jogja #jogjaistimewa https://t.co/oEo7tBpuU9
1,2022-04-10 15:18:55+00:00,DTS_kominfo,"Digiers, kamu mau memperdalam kemampuan di bidang Cloud Engineer, Android Developer?

Nah, kamu berada ditempat yang tepat! Karna Pelatihan PROA X Google Batch 2 membuka beberapa Tema Pelatihan, yaitu:

⁃Associate Cloud Engineer
⁃Android Developer https://t.co/r5sAwIlyQ7"
2,2022-04-08 04:18:56+00:00,dicoding,Program ini gratis dan ada dua pilihan pelatihan yaitu pelatihan Alur Belajar Android Developer dan Alur Belajar Google Cloud Developer. https://t.co/6RURDUviOf
3,2022-04-06 03:12:01+00:00,AaEzha,"Beberapa pelatihan yang terbuka sampai saat ini:

- Data Scientist
- Mentor UMKM Maju Digital
- Android Developer
- Excel Data Storytelling
- Containers, Kubernetes, Openshift

Masih kurang? Baiklaaah..."
4,2022-04-04 05:31:24+00:00,Oranyeu,"Today otak dibagi 4:
- pelatihan android
- benerin error job automation
- developing aplikasi
- balesin chat support aplikasi"
5,2022-04-04 04:13:24+00:00,Oranyeu,Si kocak udah pindah ecosystem ke apple terus ngide pelatihan android 🤡
6,2022-03-29 10:37:11+00:00,STUDILMU,"5. Bisa menyelesaikan pelatihan secara OFFLINE Mode (tanpa sinyal internet) di Aplikasi STUDiLMU Android dan iOS. Fitur OFFLINE ini menghemat kuota, memudahkan Anda belajar di mana saja, kapan saja, bahkan tanpa sinyal internet sekali pun."
7,2022-03-11 11:44:35+00:00,firmangrh,"Buat yang mau belajar bikin app Android, lagi ada 
program pelatihan #JuaraAndroid gratis mulai 17 Maret sampai 17 April 2022 nih dari Google.

Info dan pendaftaran: https://t.co/tjbdf58HM2 https://t.co/yh8FTq3zxM"
8,2022-02-11 07:05:11+00:00,GunRomli,"Platform Merdeka Mengajar! Guru dapat mengakses berbagai referensi perangkat ajar, melakukan pelatihan mandiri

Instal pada gawai Android atau melalui tautan https://t.co/79ZaBbONl2 

juga dapat diakses melalui laman situs https://t.co/yeC1KZCRxs

#MerdekaMengajar https://t.co/iuRlYn1lXY"
9,2022-01-29 10:50:38+00:00,Pijatjogja24J,"@Android_AK_47 Kok mau sih, ikut pelatihan security, kyknya lebih baik malah bisa kerja"
10,2022-01-24 17:04:59+00:00,NephiLaxmus,"@ismailfahmi Sebelum netiket, adakan juga pelatihan memakai android? Android ini komputer dg kemampuan lbh tinggi drpd rata2 PC tahun 2000an."
11,2022-01-20 22:51:29+00:00,pidressitubondo,"2. E-sim santri : untuk pendaftaran Sim berbasis Android (tidak perlu antri saat di kantor Satpas)
3. Tajin Palappa : pelatihan uji praktik bagi pemohon SIM
4. E-drive : uji praktik sim berbasis Elektronik,dimana pemohon Sim langsung mengetahui kesalahan saat ujian praktik"
12,2022-01-07 02:00:01+00:00,googledevsid,"Empat wanita di Google menginginkan ekosistem #Android bisa diakses, maka mereka buat program bagi developer generasi berikutnya. 

Saat ini, ribuan siswa mulai mengikuti pelatihan untuk menyalurkan lebih banyak orang dan menciptakan peluang baru. Baca di: https://t.co/9EloMMZtw8"
