,Date,User,Tweet
0,2022-04-04 10:34:15+00:00,alexgufron,"@naningptr Bukan dek hehehe
Ini yg kelas Proa @DTS_kominfo 😁
Yg darimu cuma sebatas pengenalan cloud AWS hehehe"
1,2022-03-31 04:53:53+00:00,eliterycloud,"Elitery sudah berpengalaman dan telah menjadi partner resmi dari provide cloud kelas dunia seperti AWS, Google Cloud, Azure, Huawei, dan banyak lagi.

#elitery #googlecloudplatform #aws #MicrosoftAzure #Huawei https://t.co/N9dMeW93kP"
2,2022-03-27 15:39:45+00:00,dicoding,"@androiddev_tng @codingfess Ada dong💯

Dicoding punya kelas Belajar Dasar AWS Cloud nih
https://t.co/Nh6zMe0tmq"
3,2022-03-18 05:44:22+00:00,MohLutfiFauzi,Sertifikat Kelulusan kelas Cloud Practitioner Essentials (Belajar Dasar AWS Cloud) https://t.co/fz0Xs3ylAY lewat @dicoding
4,2022-02-09 05:47:32+00:00,fahrihussaeni_,"setelah selesai di kelas Cloud Practitioner Essentials dibulan januari, galama dapet email dari dicoding untuk lanjut belajar di kelas Architecting on AWS. tahun ini mau produktif terus bareng dicoding. https://t.co/f5TZledYaC"
5,2022-02-07 12:50:11+00:00,fahrihussaeni_,"@dafex30 bang fahrel setelah lulus di kelas cloud practitioner aws, lanjut dapet token dari dicoding ga buat study lg ke kelas architecting on aws"
6,2022-01-30 10:47:47+00:00,akusukadoa,"Makasih @dicoding atas kelas gratis Cloud Practitioner Essentials (Belajar Dasar AWS Cloud) nya

https://t.co/2RVfShWXU5"
7,2022-01-20 12:21:01+00:00,SydAlawie,"Baru aja nyelesain kelas Cloud Practitioner Essentials tapi belom lulus, pas banget ada acara AWS X Dicoding sembari nunggu sejaman lagi buat bisa retake ujian akhirnya.
 https://t.co/F22gCRhAKX lewat @YouTube"
8,2022-01-07 05:57:37+00:00,afriiizal,Sertifikat Kelulusan kelas Cloud Practitioner Essentials (Belajar Dasar AWS Cloud) https://t.co/SGxw1NzfeH via @dicoding
9,2022-01-06 09:12:34+00:00,Reyza04,Sertifikat Kelulusan kelas Cloud Practitioner Essentials (Belajar Dasar AWS Cloud) https://t.co/KIZkJcJfoo via @dicoding
