,Date,User,Tweet
0,2022-04-08 06:19:04+00:00,Lip6Tekno,Orbit Future Academy dan AWS Luncurkan Program Pelatihan Cloud Computing https://t.co/mKyuMCBUic
1,2022-04-07 12:00:56+00:00,KATADATAcoid,"AWS menggelar pelatihan digital kepada masyarakat Indonesia, minimal lulusan SMA. Anak usaha Amazon ini menggaet Orbit Academy, yang menghubungkan lulusan dengan pencari kerja.
 https://t.co/1ySeepBOCp"
2,2022-04-07 09:32:17+00:00,MSNindonesia,"Program AWS re/Start Beri Pelatihan Kerja ""Cloud Computing"", Gratis bagi Pengangguran dan ""Freelancer"" https://t.co/zwJt9qH1io"
3,2022-04-07 09:20:33+00:00,lowkerpr,Orbit Future Academy meluncurkan program pelatihan Cloud Computing “AWS re/Start” gratis di Indonesia untuk meningkatkan keterampilan individu di industri teknologi https://t.co/m3ew5jPqwO https://t.co/4ca5dDQCv8
4,2022-04-07 09:06:04+00:00,KompasEkonomi,"Program AWS re/Start Beri Pelatihan Kerja ""Cloud Computing"", Gratis bagi Pengangguran dan ""Freelancer"" https://t.co/IXIOXg1Do8"
5,2022-04-01 16:08:46+00:00,aawiseau,"Gw pernah ikut pelatihan DTS pas 2020 akhir karena lagi nganggur &amp; disuruh kakak gw. Ikutan yg Amazon Web Services A.K.A. AWS.

Materinya ok lah buat dasarnya, cuman di Indo sendiri job yg berkaitan dengan AWS tuh bukan buat freshgrad, jadi agak mubazir jg ilmunya wkwkwk. https://t.co/MWcaH820s3"
6,2022-04-01 09:46:03+00:00,dchyntiabella,"Atasi Defisit Talenta Xihital, Kominfo Gaet Amazon Latih Ratusan PNS

Kementerian Kominfo bekerjasama dengan Amazon Web Service (AWS) menggelar program pelatihan Digital Leadership Academy (DLA) tahun 2022. https://t.co/vfyZ87tqwq"
7,2022-04-01 09:27:47+00:00,s1b4d,"Kementerian @kemkominfo bekerja sama dengan Amazon Web Service (AWS) menggelar program pelatihan DLA tahun ini. 

Bertujuan mengatasi defisit talenta digital di Indonesia, terutama di sektor pemerintahan.

@PlateJohnny https://t.co/43qKwcoGTn"
8,2022-04-01 08:56:20+00:00,DS_yantie,"Kementerian @kemkominfo bekerja sama dengan Amazon Web Service (AWS) menggelar program pelatihan Digital Leadership Academy tahun ini. Program ini bertujuan mengatasi defisit talenta digital di Indonesia, terutama di sektor pemerintahan.

@PlateJohnny https://t.co/5j6GI0UFuc"
9,2022-03-31 15:38:40+00:00,Menata_Laku,"Kominfo bekerja sama dengan Amazon Web Service (AWS) menggelar program pelatihan Digital Leadership Academy tahun ini. Program ini bertujuan mengatasi defisit talenta digital di Indonesia, terutama di sektor pemerintahan.
@PlateJohnny 
@kemkominfo https://t.co/2AJuXx5wa3"
10,2022-03-31 11:07:04+00:00,Dialog16833416,"Kementerian Komunikasi dan Informatika @kemkominfo bekerja sama dengan Amazon Web Service (AWS) menggelar program pelatihan Digital Leadership Academy tahun ini.
@PlateJohnny https://t.co/SJJa3rxUWt"
11,2022-03-31 09:06:52+00:00,Spy_Zone85,"Dengan AWS,@kemkominfo akan mulai menggelar pelatihan bulan depan. Pelatihan ini akan menggaet 150 peserta dgn tema drivering government digital transformation with one data and smart city. Peserta pelatihan terpilih merupakan gabungan dari berbagai sektor,baik publik dan privat. https://t.co/afvoNZTval"
12,2022-03-31 09:04:45+00:00,Aryprasetyo85,"@kemkominfo bekerja sama dengan Amazon Web Service (AWS) menggelar program pelatihan Digital Leadership Academy tahun ini. Program ini bertujuan mengatasi defisit talenta digital di Indonesia, terutama di sektor pemerintahan.
@PlateJohnny @jokowi https://t.co/8eotynY5sk"
13,2022-02-25 04:00:00+00:00,TopKarir,"Jangan sampe ketinggalan! Yuk ikutan pelatihan GRATIS &amp; dapetin hadiah total hingga 12 juta untuk 6 orang pemenang di “Meet The Expert” malam ini! Persembahan dari Amazon Web Service (AWS)

Cek informasi selengkapnya di https://t.co/BOuLLFIqM3 https://t.co/XGGDx8yn6b"
14,2022-02-23 10:55:20+00:00,TopKarir,"Buat kamu yang mau belajar lebih dalam seputar Information Technology (IT) yuk ikutan pelatihan GRATIS &amp; dapetin hadiah total hingga 12 juta untuk 6 orang pemenang di “Meet The Expert” persembahan Amazon Web Service (AWS)

Cek informasi selengkapnya di https://t.co/BOuLLFrnK3 https://t.co/9oQdp1VdT9"
15,2022-02-13 14:40:18+00:00,DTS_kominfo,"Digiers, penasaran bagaimana cara pengunaan AWS Cloud dan pemahaman dasarnya?! 🧐

Yuk, ikut Pelatihan FGA X AWS, yang membuka 2 tema pelatihan, yaitu:

https://t.co/hIMITHty2R Foundation
https://t.co/BT5iuBTbgA Architecting https://t.co/3mFBFJHigT"
16,2022-02-08 14:08:34+00:00,tifandotme,"Digitalent sepertinya membuka lagi pelatihan FGA. Tertarik sama https://t.co/8bZa1e3KF4

Dapet sertif aws cloud practitioner

#digitalent #aws"
17,2022-01-26 11:02:57+00:00,TopKarir,"Nah, buat kamu yang mau belajar lebih dalam seputar  Information Technology (IT), yuk ikutan pelatihan GRATIS &amp; dapetin hadiah total 12 juta untuk 6 orang pemenang di “Meet The Expert” persembahan Amazon Web Service (AWS)

Cek informasi selengkapnya di https://t.co/BOuLLFrnK3 https://t.co/VHQNUrNRnX"
18,2022-01-13 00:23:17+00:00,khibranalhz,"GCP vs AWS Cloud

Pinternya raksasa kaya google, mereka ngasih pelatihan gratis dengan hadiah untuk peserta yang berhasil nyelesain quest.

Karena makin banyak developer / engineer yang familiar sama system mereka, semakin mendominasi juga produknya di pasar cloud computing."
