,Date,User,Tweet
0,2022-04-18 15:00:42+00:00,baperless,@chavoriel Iya aku ikut bootcamp ml walau logicku belum kuat langsung dijeblosin python sama matlab monanges rapaham maaak 😭😭😭
1,2022-04-16 10:56:25+00:00,FSyah1111,"@fairywoodpprink Bantu jawab ya kak. Gw sender. Biar ga dikira jualan bootcamp. Bisa dicek bootcamp yg saya pakai. Mostly banyak gratisnya.
1. Gaji perusahaan sebelumnya udah dobel digit. 
2. Ada basic analysis meski ga pakai sql sama Python. Mostly using spreedsheet dan vis tools lain. 😊"
2,2022-04-16 08:25:33+00:00,gumilangtama,"@Yayaya4858859 @worksfess Iya bener aku juga pernah ikut tapi ga keterima, dan akhirnya sekarang nau coba mutusin buat ikut bootcamp programming aja, analystna nanti dulu bljr statistik, python ama r dulu baru cari opportunity lagi wkwk"
3,2022-04-09 16:02:48+00:00,ougustaaz,"@cahyadi_es Yang gamau kalah sama bocah 12 tahun, nih mending ikut bootcamp HTML CSS PYTHON SQL, gass ajak bestiemu deh! https://t.co/RfNVQwFfBv"
4,2022-04-06 10:32:04+00:00,hacktiv8id,"Sekarang kesempatan kamu buat nyusul mereka dengan ikut batch Bootcamp Data Science berikutnya. Kelas dimulai 11 April 2022. Yuk, Daftar sekarang melalui https://t.co/ZAXQH6PNDW

#DigitalInYourHands #WeAreHacktiv8 #Python #DataAnalyst #DataScientist #BootcampDataScience"
5,2022-03-27 21:54:39+00:00,akiramenna98,"@toni_mld @sbyfess Aku melok bootcamp nde Data Bangalore, gak khusus python sih sebenere, iku bootcamp data science"
6,2022-02-23 01:38:07+00:00,aiyangxiao,"iseng-iseng nyari bootcamp python, gue kira biayanya max setengah juta, ternyata hampir 10jt+ buat satu semester😭"
7,2022-02-18 11:20:00+00:00,worksfess,Work! Ada yang punya info bootcamp seputar SQL sama data analyst gak ya? Atau python? Makaseeeh
8,2022-02-14 09:27:41+00:00,dikicuy,"🤠: pengalaman ngoding apa mas diki?
😀: sql, python (sampe EDA) doang mas......
🤠: wah bisa nih bikin machine learning buat CS
😀: anu..........

saya lolos bootcamp aja dicarry mas........ HA
HA HA"
9,2022-02-13 19:11:45+00:00,zikhrul,"Tapi balik lagi karena gue gak ada duit, gue nyari-nyari yang gratisan. Awalnya gue ambil kelas di udemy yang berjudul Introduction to Python Programming. Kenapa python? Karena dari contekan yang gue dapet dari silabus bootcamp berbayar, bahasa yang dipakai itu Python sama R."
10,2022-02-07 14:41:53+00:00,binicsw,"Jaman kuliah: tim R
Jaman jadi anak bootcamp: tim Python
Dunia kerja: palugada https://t.co/ovX7sN2E4h"
11,2022-02-04 03:06:01+00:00,mufqam,"@perogeremmer fg dari non-IT, tapi suka ikut bootcamp ttg python dsb boleh ga kak?"
12,2022-01-31 15:56:52+00:00,ravapurnomo,"A recap - Januari 2022

+ Mengenal pengolahan dan visualisasi data
+ Menyelesaikan Bootcamp Python Basics via web DPHItech
+ Nonton One Piece season 1 eps 1-42
+ Lumayan sering angkat dumbell
- Perbaiki pola istirahat
- Mulai lagi rutinitas lari pagi

Alhamdulillah."
13,2022-01-29 06:55:21+00:00,Demafst_uinsgd,"Jadi, apa saja yang harus kita persiapkan?
Ini dia jawabannya akan ada di DEMA FST UIN SGD Coding Bootcamp x Progate 2.0! 

Pilihan Modul:
- Frontend (HTML &amp; CSS) with 1 team project
- Data (SQL) with 1 project
- Backend (Python) with 1 project 

Hanya dengan harga 20.000 loh! https://t.co/5SSSLsveWt"
14,2022-01-24 10:03:59+00:00,hacktiv8id,"“Sebagai sarjana teknik industri saya sempat belajar Data Science tapi itu belum cukup untuk mengejar impian saya menjadi Data Scientist. Saat tahu di Hacktiv8 ada Bootcamp Data Science dan materinya fokus pada Python saya memutuskan untuk ikut program ini”, ujar Sandy."
15,2022-01-22 14:49:09+00:00,pxlpd,"dari kuliah terlalu banyak menggunakan python, tapi merasa minder sama skillnya 🥲

terus ada bootcamp mobile app dev dan sekarang udah di tempat kedua sebagai mobile developer. https://t.co/48MAwMyLR1"
16,2022-01-22 07:08:35+00:00,k1cre,"merasa ambis bgt pengen ikut lomba esai, kti, pkm, bussiness plan, poster, bootcamp python, push rank hacking streak thm, gcp, daftar beasiswa"
17,2022-01-21 00:27:55+00:00,pnsmarley,"@worksfess Sedang belajar python juga walaupun cuma dari udemy, siapa tau bisa nge boost semangat dan memperdalam pengetahuan ku dgn ikut bootcamp ini"
18,2022-01-17 04:38:21+00:00,algonacci,"IndonesiaAI

pengen belajar python? DS? ML/DL? AI? tapi gabisa belajar sendiri? butuh yang modelnya kek bootcamp? butuh mentor?

lgsg gas cek ig nya @Indonesia.ai

kelasnya tiap weekend, siang sampe sore gitu lewat zoom. materinya juga cukup padet dan ada assignment tiap minggu https://t.co/aNg4NWTHFw"
19,2022-01-12 13:28:00+00:00,hirminsyih,"anjrit pengen nyoba bootcamp mysql, tapi pengen nyoba python, tapi pengen nyoba js, tapi pengen nyoba html"
20,2022-01-07 06:39:38+00:00,hello_tiky,"Minggu lalu nolak jadi trainer bootcamp karena tools nya pake python. *udah lama gak make dan mager buat nyoba2 lg. 

Minggu ini, task nya ada debugging sm improvement platform yg dibikinnya pake python -_- 

Emang kl udah takdirnya mah mau dihindarin gimanapun tetep aja ketemu."
21,2022-01-06 12:43:15+00:00,banglius,"Berkenalan Dengan Dunia Data Scientist (Pengalaman Belajar di Bootcamp Hacktiv8) 
https://t.co/qheEBgQDlo @hacktiv8id 

#DigitalInYourHands #WeAreHacktiv8 #BootcampDataScience #DataScience #Python #DataScientist #DataAnalyst #Coding"
22,2022-01-06 02:26:43+00:00,unggulcenter,"Pengalaman Belajar Data Science di Coding Bootcamp bersama 
@hacktiv8id Yuk yang udah dengar2 data science n pengen tau, ngga sulit!
 https://t.co/RbGIsjQuEO  #DigitalInYourHands #WeAreHacktiv8 #BootcampDataScience #DataScience #Python #DataScientist #DataAnalyst #Coding"
23,2022-01-01 10:35:59+00:00,python_ular,@alfinestarspro @worksfess bootcamp dimana kak?
