,Date,User,Tweet
0,2022-04-13 17:42:22+00:00,fchw33,"@xfmx_12 @MirvanNovanto Sekarang mah mending alokasiin budget buat minta tolong sama vendor kek Amazon aja, toh juga udah ada data center di Cikarang.
&gt; Kerja sama dengan AWS
&gt; Minta tolong AWS buat training tim IT pamerintah aja 😬"
1,2022-03-23 04:14:03+00:00,ruliemaulana,"https://t.co/fPNJQsFmd7

Ini problem tiap bahas AI.
Selalu bicara kemampuan AI saat ini.

AI di HaloDoc memang hanya bicara AWS bantu urai benang kusut akses, konsultasi, farmasi.

Mestinya lihat tujuan Amazon Care itu apa dan apa kontribusi jutaan data pada training AI mereka."
2,2022-02-15 03:13:00+00:00,dennyalfani,"AWS Cloud and IT Fundamentals training
AWS re/Start bekerja sama dengan Orbit Future Academy menawarkan program gratis dan intensif selama 12 minggu yang dapat meningkatkan kualitas karir Anda di bidang Cloud Computing (Komputasi Awan)

https://t.co/96OvD9phqs"
