,Date,User,Tweet
0,2022-04-19 03:30:40+00:00,devil_Yrin,njiiir ini lahi kelas lain gue malah mskin data sql 😭 https://t.co/IM361ZZ9RU
1,2022-04-10 10:43:59+00:00,ululazmisyfr,"Empat hari kedepan selama nunggu buka puasa akan #ngaji di program Intro to Data Industrynya @pacmannai. Setelah minggu-minggu lalu gagal ngikutin yang program Intro to SQL karena sakit 😢

bismillah semoga bisa ngikutin sampe akhir 🔥

[threadnya akan update selama kelas] https://t.co/KdiNbYCzIL"
2,2022-04-02 02:20:00+00:00,aqshalrzq_,@codingfess dulu pas waktu smk ngeliat ada kelas sebelah di jurusan yang ngerjain tugas ngoding + tugas DML di SQL ditulis tangan nder wkwk
3,2022-03-31 07:23:14+00:00,crazsouly,"1. kelas offline
2. sql kontol gak ngerti
3. TELAT KUMPUL TUGAS
4. KTM BRAY
5. AYANG MATI
6. NANGIS SEJAM
7. temen baru suka one piece
8. baca manhwa yaoi sama ayang pake caracal
9. makan
10. makan lagi
11. anjing
12. nyasar di kampus
13. kehujanan
14. kelas di jalan (otw vaksin)"
4,2022-03-27 13:43:50+00:00,benimaru____,@lifeatpacmann @pacmannai nyambi kelas python dan sql ya pacmin? haha
5,2022-02-22 16:00:16+00:00,Ir_syahbanu,@irfanisml @lrstdn Gua nunggu laras buka kelas python sama sql ncek
6,2022-02-21 09:14:04+00:00,nomadiclovers,somehow gue ngerasa bego banget berasa gak jago-jago amat tapi dua minggu ini gue udah berasa buka kelas ngajarin sql ma mixpanel
7,2022-02-03 14:12:18+00:00,Matahari9841,"Ikutan kelas gratisan tentang data analis aja puyeng sambil ngomong apa ity python, SQL, ga paham, ihh kok bisa 😌 https://t.co/jEy3HSQ2ih"
8,2022-01-29 11:21:12+00:00,sarangeulhetdah,Anjir mainan SQL gue jaman kelas 3 apa 2 ye sampe sinting ngurusin database... Eh ujung2nya diambil data gue tanpa bilang2 WKWKWKWKWK https://t.co/Wkx7VEroIb
9,2022-01-29 05:06:00+00:00,NrAfiqaah_,"Time kelas elok je msteams ni, time nak submit sql lah dia sibuk nak buat hal. Tak kena masa betul 😂"
10,2022-01-24 11:20:20+00:00,sirennextdoor,"Kalau nak buat kelas SQL, ade ke orang nak belajar dgn kita? Hahahaha https://t.co/JvnjAh6nj2"
11,2022-01-23 14:01:03+00:00,Hrsllsprobation,"udh kurleb 2 minggu blm nyari kerja
magkir di 2 tes
masih gangerti js
baru megang figma lg + ada yg minta bikinin app tapi dah lupa sama android wkwkkw 
masih gangerti setup db sql gmn caranya:(
kmrn mulai kelas qa
blm bikin tugas
sedangkan kecantol sama game lg hadeh wkwkwk"
