,Date,User,Tweet
0,2022-04-10 20:25:41+00:00,anisa1_dwi,Info bootcamp / trainingcamp / private mentor programing dasar yang tujuannya android studio.
1,2022-04-10 15:33:48+00:00,budaksuwung,Info bootcamp/trainingcamp/private mentor programing dasar yang tujuannya android studio.
2,2022-02-22 15:15:01+00:00,deenoo_o,"@tetehslalusalah Maap maap aja nihh beberapa bulan kebelakang gue tidur malem gara2 ada bootcamp full stack web sama android engineering dari jam 7 sampe 10 mbakk....
Wkwkwk"
3,2022-01-15 10:36:34+00:00,argahutama,"@ardityawahyu @ezash Gw minimal cari fresher yg pernah ikut bootcamp sih. 
Kalo buat Android, minimal paham OOPnya Kotlin, syukur-syukur ngerti SOLID."
4,2022-01-09 00:56:03+00:00,isalzufari,"Akhirnya daftar lah ke bootcamp, gratis juga. Btw memang saya lulusan smk-rpl jadi ngak kaget banget sama code akhirnya saya ambil path android. Karena biasa web dan dekstop android itu bener2 beda aja udah lagi ditambah laptop nya lag tapi untung dah up ke ssd wkwk. Gokilnya..."
