,Date,User,Tweet
0,2022-04-02 22:10:28+00:00,remote_dev_jobs,"Data Engineer at Betterup, Inc. #Advocate #BI #Database #Design #Python #Research #Security #SQL #Systems #Test #Training 👉 https://t.co/ofq1MvmCJv"
1,2022-03-06 11:37:42+00:00,shananna_,Next week dah start external training for SQL. Fuhh makin padat la jadual. Cepat la masuk budak baru.
2,2022-03-05 19:10:28+00:00,remote_dev_jobs,"Data Engineer at Betterup, Inc. #Advocate #BI #Database #Design #Python #Research #Security #SQL #Systems #Test #Training 👉 https://t.co/ofq1MvmCJv"
3,2022-02-28 15:34:03+00:00,annisaafebrinaa,Yesss nambah ilmu baru.. ikut SQL training dari beginner ampe expert selama 3 bulan. Wkwkwk moga aku bisaaaa. Semangat
4,2022-01-28 08:59:15+00:00,ImranAB_,Aku baru settle supporting basic sql training to acc mgt dept. Huru haraaaa 😅
