,Date,User,Tweet
0,2022-04-17 13:52:41+00:00,1417ian,"@onnowpurbo Pak onno, utk belajar cyber security perlu belajar networking atau malah cloud infra spt aws?"
1,2022-04-07 10:21:29+00:00,dauphinoir,Abis gue fully certified pengen belajar cloud deh. Either aws or azure.
2,2022-03-28 04:23:34+00:00,iamgymie,"Haloo Developers!
Mau tahu cara mendeteksi intelligence threat secara otomatis? 🤔

Nah, di sesi kali ini bersama AWS Hero @Albert_Suwandhi, kita akan belajar mengenai layanan Intelligent Threat Detection dari AWS yaitu Amazon GuardDuty dan cara kerja Gua…https://t.co/DVLTVePYrj"
3,2022-03-27 15:39:45+00:00,dicoding,"@androiddev_tng @codingfess Ada dong💯

Dicoding punya kelas Belajar Dasar AWS Cloud nih
https://t.co/Nh6zMe0tmq"
4,2022-03-22 04:17:46+00:00,danangan,Belajar AWS biar bisa jadi cloud engineer
5,2022-03-21 13:47:14+00:00,bismiansyah,@WatchmenID Capek2 belajar AWS sama Azure. Ternyata jadi cloud engineer harus bisa mistis.
6,2022-03-20 12:43:47+00:00,arhcha,"Clouds engineering specialist 😭😭😭😭

Gua merasa tertampar karena telat belajar AWS clouds service.. 🙄 https://t.co/SXOVIDB9LC"
7,2022-03-18 05:44:22+00:00,MohLutfiFauzi,Sertifikat Kelulusan kelas Cloud Practitioner Essentials (Belajar Dasar AWS Cloud) https://t.co/fz0Xs3ylAY lewat @dicoding
8,2022-02-26 03:22:06+00:00,adi_user45,"Amazon Web Service sebagai salah satu Cloud Provider terkemuka ini memiliki banyak sekali layanan yang bisa digunakan untuk memenuhi kebutuhan Kita.

Mari belajar lebih dalam tentang Amazon Web Service (AWS) Part 1 di https://t.co/3wXLHMJhby
#AmazonWebService #CloudComputing"
9,2022-02-23 10:55:20+00:00,TopKarir,"Buat kamu yang mau belajar lebih dalam seputar Information Technology (IT) yuk ikutan pelatihan GRATIS &amp; dapetin hadiah total hingga 12 juta untuk 6 orang pemenang di “Meet The Expert” persembahan Amazon Web Service (AWS)

Cek informasi selengkapnya di https://t.co/BOuLLFrnK3 https://t.co/9oQdp1VdT9"
10,2022-02-09 05:47:32+00:00,fahrihussaeni_,"setelah selesai di kelas Cloud Practitioner Essentials dibulan januari, galama dapet email dari dicoding untuk lanjut belajar di kelas Architecting on AWS. tahun ini mau produktif terus bareng dicoding. https://t.co/f5TZledYaC"
11,2022-01-30 10:47:47+00:00,akusukadoa,"Makasih @dicoding atas kelas gratis Cloud Practitioner Essentials (Belajar Dasar AWS Cloud) nya

https://t.co/2RVfShWXU5"
12,2022-01-26 11:02:57+00:00,TopKarir,"Nah, buat kamu yang mau belajar lebih dalam seputar  Information Technology (IT), yuk ikutan pelatihan GRATIS &amp; dapetin hadiah total 12 juta untuk 6 orang pemenang di “Meet The Expert” persembahan Amazon Web Service (AWS)

Cek informasi selengkapnya di https://t.co/BOuLLFrnK3 https://t.co/VHQNUrNRnX"
13,2022-01-25 16:08:26+00:00,estepanli,"Role di kantor sebagai project manager sekaligus product consultant
Role di side project sebagai project manager, qa, devops, video editor, sama digital marketer
Sekarang lagi belajar aws cloud otw dapet sertif

Yang mau mempekerjakan aku silahkan 50 jt per bulan nego tipis"
14,2022-01-14 16:33:46+00:00,xyrzly,Weh gue belajar AWS atau cloud lain lagi ya? Keknya seruu🤣
15,2022-01-07 05:57:37+00:00,afriiizal,Sertifikat Kelulusan kelas Cloud Practitioner Essentials (Belajar Dasar AWS Cloud) https://t.co/SGxw1NzfeH via @dicoding
16,2022-01-06 09:12:34+00:00,Reyza04,Sertifikat Kelulusan kelas Cloud Practitioner Essentials (Belajar Dasar AWS Cloud) https://t.co/KIZkJcJfoo via @dicoding
17,2022-01-04 06:48:08+00:00,RajaAde1,"Bersama Dicoding saat ini saya sedang menjalankan Study Class beasiswa 
Cloud Practitioner Essentials (Belajar Dasar AWS) dan Memulai Pemrograman Dengan C Oleh Dicoding Indonesia"
