,Date,User,Tweet
0,2022-04-14 16:42:11+00:00,mjlove0214,ada gak sih tepat les python yg beneran bisa bikin paham?
1,2022-04-11 15:03:44+00:00,Saefullloh,"Meanwhile lagi les bahasa Jepang, pengen ngambil LinkedIn Recruiter Certification, pengen Belajar SQL, Pengen belajar Python, tapi nyadar sehari cuma ada 24 jam :(("
2,2022-04-09 20:42:20+00:00,RemidiKamal,@walidnb17 Makaynsh mouchkil wakha ykon endk master f marketing? Tqder ghi b github w 4 ans d self-taught  ( gaa math stats python js sql algo data structures...) w les projets li 7at tqbel? F Maroc 7eguara kibghi ystaghel had lblan bash yfr3ek f salaire.
3,2022-04-01 02:26:05+00:00,Jokitugsfess,joktug! ada yang open les python tentang hash table? drop v per pertemuan ya
4,2022-03-16 14:09:30+00:00,Jokitugsfess,"joktug! serius mau nanya, apa ada yang buka les python materi nested list?"
5,2022-02-20 10:12:39+00:00,mcflurrywifey,yay or nay ikut les python buat nambah skill baru?🤔
6,2022-01-11 19:33:22+00:00,Adhit1312W,mau les python tapi dah les kalkulus 💻
