,Date,User,Tweet
0,2022-04-17 08:27:39+00:00,saltykittenz,"@mufqam @pacarchanyeolll @worksfess gatauuuu, coba cari2 bootcamp aja. basicnya aku pernah jadi developer aja terus kuliahnya memang ada ITnya sedikit jadi ngerti sql"
1,2022-04-16 10:56:25+00:00,FSyah1111,"@fairywoodpprink Bantu jawab ya kak. Gw sender. Biar ga dikira jualan bootcamp. Bisa dicek bootcamp yg saya pakai. Mostly banyak gratisnya.
1. Gaji perusahaan sebelumnya udah dobel digit. 
2. Ada basic analysis meski ga pakai sql sama Python. Mostly using spreedsheet dan vis tools lain. 😊"
2,2022-04-16 05:40:50+00:00,Kak_Bagass,"@worksfess Hi nder, boleh tahu gak ikut bootcamp di mana? Aku tertarik banget untuk jadi DA, meskipun bukan background IT. Pernah sempet belajar SQL, tapi malah tanpa arah gitu. Pliz nder hit my dm 😭"
3,2022-04-09 16:02:48+00:00,ougustaaz,"@cahyadi_es Yang gamau kalah sama bocah 12 tahun, nih mending ikut bootcamp HTML CSS PYTHON SQL, gass ajak bestiemu deh! https://t.co/RfNVQwFfBv"
4,2022-04-06 09:37:07+00:00,hapidzf21,Bootcamp SQL Lengkap 2022: Beralih dari Nol ke Pahlawan https://t.co/UXL13nMPy6
5,2022-03-31 22:16:21+00:00,hapidzf21,Microsoft SQL Server Lengkap dari Awal: Bootcamp oleh Microsoft Certified Professional https://t.co/gRd9Nlg6lk
6,2022-03-23 12:49:17+00:00,avvestars,"lagi ikut mini bootcamp data analytics terus ternyata materinya sama kaya waktu kuliah, SQL, DBMS dll dulu waktu kuliah terlalu fokeus sama ngoding sih jadi kurang kreatip ngolah data 🥲💔"
7,2022-03-22 04:11:11+00:00,Sebutsaja__,"@codingfess Hmm, sepertinya sdh cukup utk lamar2 nder

Sy juga bukan lulusan IT, cm tau seputar sql dan js, trs ikut coding bootcamp deh

Skrng bs kook jd back end dev 👍"
8,2022-03-19 06:45:00+00:00,worksfess,Work! Halo temen temen disini ada yang tau course online/bootcamp/ channel yt buat belajar R Studio atau SQL secara free tidak ya ? Untuk mengasah skill fg buat kerja. terimakasih
9,2022-03-01 12:15:58+00:00,mrigann,"Day 9/66
Karena minggu depan mulai bootcamp BI Engineer di Binar, hari ini enroll dan mau fokus belajar 'BI Foundation with SQL, ETL and Data Warehousing Specialization' dari IBM dulu~
#66daysofdata"
10,2022-02-18 11:20:00+00:00,worksfess,Work! Ada yang punya info bootcamp seputar SQL sama data analyst gak ya? Atau python? Makaseeeh
11,2022-02-14 09:27:41+00:00,dikicuy,"🤠: pengalaman ngoding apa mas diki?
😀: sql, python (sampe EDA) doang mas......
🤠: wah bisa nih bikin machine learning buat CS
😀: anu..........

saya lolos bootcamp aja dicarry mas........ HA
HA HA"
12,2022-01-30 02:42:52+00:00,melfanzaa,"@worksfess Coba ikut bootcamp nder, materi SQL sepertinya cocok buatmu 🥰 https://t.co/hipgiRqajZ"
13,2022-01-30 00:43:40+00:00,udubakwan,"@worksfess Ikut bootcamp atau online class.  Kalau buat data scientiest biasanya belajar SQL,R science,phyton,Excel setauku."
14,2022-01-29 06:55:21+00:00,Demafst_uinsgd,"Jadi, apa saja yang harus kita persiapkan?
Ini dia jawabannya akan ada di DEMA FST UIN SGD Coding Bootcamp x Progate 2.0! 

Pilihan Modul:
- Frontend (HTML &amp; CSS) with 1 team project
- Data (SQL) with 1 project
- Backend (Python) with 1 project 

Hanya dengan harga 20.000 loh! https://t.co/5SSSLsveWt"
15,2022-01-19 03:37:29+00:00,prkdlx,"Sebelum lanjut, aku mau kasi info dulu nih, ada coding bootcamp bareng @elfanthedev. Cuman investasi 20k, kamu udah bisa dapet materi web programming lengkap. Mulai dari frontend, backend, sampai database SQL.

Kapan lagi coba? Yuk join sekarang ‼️ https://t.co/TVq5mqNHMa"
