,Date,User,Tweet
0,2022-04-10 13:11:02+00:00,kurapikawifee,Ingin bergabung dengan saya? Cukup daftar ke kursus ini di @Udemy: React Native Mastery: Belajar Cara Membuat Aplikasi Android https://t.co/u7OGm1ZS8p
1,2022-03-30 04:13:48+00:00,rinmansor,"Tapi pakai Chromebook ada pain points dia juga. Kita tak boleh install software windows, boleh install android apps dari play store je. So tak ada Microsoft Office. Perlu guna Google punya Docs, Slides, Sheets etc

Kalau kursus menaip esei, present, video call basic boleh la"
2,2022-03-29 03:16:45+00:00,cik_apung,@onnowpurbo Pak mohon saran dimana ya kursus online pemrograman Android dengan database untuk pemula? Terimakasih
3,2022-02-05 02:08:26+00:00,FlashcomID,"Taukah Anda bidang android programming apa saja yang perlu dipelajari? Jika Anda ingin membuat aplikasi android dengan mudah, dapat mengikuti Kursus android programming bersama flashcom Indonesia.

Jadi, tunggu apa lagi? Buruan daftar sekarang dengan klik https://t.co/KEVC1KfcJh https://t.co/3OXwW0iXWz"
4,2022-02-02 22:26:53+00:00,EffendiSapei,"@Oshiiiiiinnn_50 Sy dari kecil yatim dan miskin
Hari2 disibukan jd pesuruh tetangga dari buang sampah ,nimba air juga jualan kresek dipasar , lalu lanjut kursus jahit.
Ini zaman skrg pengemis ber android pd jual kesedihan
Ya kariiiieeem....."
5,2022-01-25 05:06:54+00:00,BolaSportcom,"Serius Merumput di Indonesia, Kiper Korea Selatan Ingin Ambil Kursus Bahasa Indonesia https://t.co/YyETdyLlQe

Download aplikasi https://t.co/UDhPMIoOhy untuk akses berita lebih mudah dan cepat:
Android: https://t.co/TopzZFPAvh"
6,2022-01-25 05:06:52+00:00,tribunSUPERBALL,"Serius Merumput di Indonesia, Kiper Korea Selatan Ingin Ambil Kursus Bahasa Indonesia https://t.co/ZkH5g0MX8J

Download aplikasi https://t.co/gYgHwn51w8 untuk akses berita lebih mudah dan cepat:
Android: https://t.co/Su2X8enRE6"
7,2022-01-25 05:06:47+00:00,bolasportdotcom,"Serius Merumput di Indonesia, Kiper Korea Selatan Ingin Ambil Kursus Bahasa Indonesia https://t.co/aZdbGkaVKX

Download aplikasi https://t.co/xLdBMogMuv untuk akses berita lebih mudah dan cepat:
Android: https://t.co/QvBcUt1IYw"
8,2022-01-23 06:32:44+00:00,ArmaeniIndah,"@Android_AK_47 Berboncengan menggunakan sepeda motor,, etdah yg bikin tulisan kudu kursus poebi nih 🤣🤣"
9,2022-01-14 16:09:35+00:00,dot_id_,"@SekarJayanti07 nah, ora ono android ra ono TvOne, jeh akeh sawah, calon kadrun seh melu kursus ngetik 10 jari"
10,2022-01-13 14:30:20+00:00,ai_won_u,Info kursus dasar android studio dong
