,Date,User,Tweet
0,2022-04-16 11:05:18+00:00,areumswan,@worksfess Mauuu nderrrrr kerjaan impian gua ini sejak ikut kursus python gratis tp msh blm paham bgt 😭😭
1,2022-04-16 10:47:36+00:00,itseimrld,"@worksfess Hi Senderrr, menarik nih, bolh tahu kamu kemarin ikut kursus apa aja? Aku kebetulan kemarin sempat ikut python course tp merasa blm optimal dan blm bisa bikin project sendiri jg huhu padahal pengen ke data analyst juga"
2,2022-04-16 07:13:20+00:00,ittkia_,"@worksfess Kak aku mau coba boleh? Mau dm juga ya kak please, aku ada background python sm sql mau coba kursus suka maju mundur, mau minta saran2nya"
3,2022-04-11 12:50:59+00:00,zulfikar_ozil,Saya telah mendapatkan sertifikat dari Progate karena menyelesaikan Kursus Python! https://t.co/bGgbqfOrmT #Progate
4,2022-04-11 01:31:21+00:00,euclaeptus,"@5eijatachi bisa cari kursus di u/de/my kannyaaa, sering ada yg didiskon tp lengkap banget (udah sm video dan contoh program).

kalau bahasa paling gampang mulai dr python krn kepake di mana-mana, itu juga ga butuh instalasi ribet."
5,2022-04-06 03:18:30+00:00,FSyah1111,"@worksfess Contoh, ambil kursus terpisah ttg Excel/Spreadsheet, tentang SQL, tantang Tableau / other biz dan tentu saja tentang R/Python kalau mau ganti language. Terus practice nya kurang. Tp sertifikatnya bonafid ni Google.
Saran abis tu ambil aja di Datacamp. Yg khusus DA pake R/Python."
6,2022-04-06 03:16:09+00:00,FSyah1111,"@worksfess Gw dah ambil dr Google.

Hmmm kurang banget sih menurut gw. Cuma dasarnya. Sangat dasar malah. Makanya gw ambil kursus lain yg setopik. Terus Google ni pake R, IBM python. Di Indo mostly Python.
Kalo ambil Google DA, saran lu ambil kursus lain yg bisa suplemen."
7,2022-03-02 03:35:57+00:00,iadzroi,"Mulai tahun 2006-2012 hobi ngoding, sampai kursus dua kali. setelah itu vacum 10 tahun karena sibuk di manajerial. sekarang refresh lagi, tapi hanya fokus di Python saja https://t.co/TrgRIJQOJA"
8,2022-02-23 07:48:24+00:00,3rD_Kano,@yunanalamsyah15 @A_DeyJKT48 Nitip koh barangkali @A_DeyJKT48 buka kursus bahasa python
9,2022-02-18 16:13:45+00:00,syarifarsyah,"Thanks Progate, Saya telah mendapatkan sertifikat dari Progate karena menyelesaikan Kursus Python! https://t.co/TQpLVHZh0r #Progate"
10,2022-02-15 22:58:11+00:00,hapidzf21,Kursus Online Teratas untuk Belajar Python | https://t.co/7zmIsxfhT3 https://t.co/j7rwUYMA9T
11,2022-02-02 06:44:53+00:00,lights33ker,@collegemenfess Dicoding biasanya sering buka kursus gratis dr indosat ooredo pas itu ada python yg buat machine learning. Ga tau kl skrg coba pantengin ignya indosaturidu
12,2022-01-25 22:52:52+00:00,Windaayyyaa,Saya telah mendapatkan sertifikat dari Progate karena menyelesaikan Kursus Python! https://t.co/CELzpDSn0d #Progate
13,2022-01-24 22:44:48+00:00,maaplemoon,"@codingfess Aku. Ambil kursus Python Angela Yu. sejauh ini bagus sih. Enak banget cara ngajarnya. Tapi kalo kursus python dgn instruktur lain, aku suka kurang ngerti :(. Jadi pinter pilih instrukturnya aja"
14,2022-01-06 17:37:49+00:00,FSyah1111,"@karirfess Karena pengen jd analis skrg lagi belajar
- Spreedsheet: Excel advanced: Dax &amp; power query
- Basic R sama Python buat analis
- SQL
- BI tools: Power BI sama Tableau.

Lagi ambil kursus onlen termasuk bkin project assignment ma sertifikasi.
Mungkin saran buat roadmapnya.
Thanks."
15,2022-01-04 13:28:00+00:00,afghannurrezqy_,"Day 4/365
Rate : 9,5/10
Feel : spirit
Bangun jam 5 lalu ibadah, setelah itu mengalahkan kemalasan dan ternyata berhasil, alhasil jam 5 langsung lari pagi, mencoba untuk tidur, Namun tidak bisa. Hari² seperti biasa, untuk kursus python libur dulu,karena malamnya mati lampu.
See u"
