,Date,User,Tweet
0,2022-04-16 18:24:26+00:00,mfauziproject_,@latifaskaa @buildwithangga ada juga pelatihan gratis ka dr kominfo. namanya digital talent. kerjasama dengan skilvul untuk ui/ux
1,2022-04-13 07:07:19+00:00,marchmeIIow,"ini cita-cita jadi nyasar. punya pengalaman jadi QA, tapi ikut pelatihan untuk DA, tapi pengennya jadi UI/UX designer. ga jelas pisan WKWKWK."
2,2022-04-13 01:05:01+00:00,eventsurabaya,"Hai Digipals!
Pendaftaran batch 1 bootcamp UI/UX Research dan Design udah buka lho
 
Open Registration: 01 April – 12 Mei 2022
Jadwal Pelatihan: 13 Mei – 31 Juli 2022 (Tiap Jumat dan Minggu)
 
Dapatkan promo biaya investasi hanya untuk 5 pendaftar tercepat
 
WA: +6281252891306 https://t.co/V6X5sJtVJ6"
3,2022-04-07 07:30:00+00:00,worksfess,Work! Boleh tolong rekomendasiin platform utk pelatihan copywriting sama ux/ui desain yg bagus?
4,2022-04-06 22:55:51+00:00,cIoudykuma,"@worksfess Aku, ngelamar ui ux tp pengalaman magangku di apps developer. Tapi aku lengkapin pake 2 pelatihan yg sesuai"
5,2022-04-02 02:50:01+00:00,worksfess,"Work! Rencana mau ambil pelatihan UI/UX, dengan harga yg ga jauh beda, mending ambil mana ya? Budget 7-9 jt, atau kalo ada rekomendasi boleh banget, TIA https://t.co/q5I3nKiznP"
6,2022-04-02 02:48:46+00:00,karirfess,"Kr! Rencana mau ambil pelatihan UI/UX, dengan harga yg ga jauh beda, mending ambil mana ya? Budget 7-9 jt, atau kalo ada rekomendasi boleh banget, TIA https://t.co/pnWVjzQkIw"
7,2022-03-30 12:12:11+00:00,codingfess,"G INCUBATION DATA SCIENCE UI/UX DESIGN BATCH 3 IS HERE!]

Hi, Gitizen!

Global Class kembali membuka pendaftaran G Incubation untuk kalian yang ingin belajar Data Science! Dengan mengikuti G Incubation, Gitizen akan mendapatkan pelatihan selama 1 bulan dengan para expert. https://t.co/ezYL7b4uF0"
8,2022-03-27 06:55:40+00:00,karirfess,"Kr! Guys info pelatihan/bootcamp ui/ux gratis dimana aja yaa, yg tau bisa komen yaa makasih"
9,2022-03-26 07:08:25+00:00,masbenx,"@bankmandiri ux nya masi nyaman yang livin biru..
developer livin kuning nya ganti deh min, kalo gak kasi pelatihan ui/ux, biar skill nya gak medioker..
mana aplikasinya juga sering trouble lagi.."
10,2022-03-25 13:53:50+00:00,nathanael_eb,"Soalnya gue ngerasanya fenomena sekarang banyak sekali pelatihan seperti digital marketing, data science, dan UI/UX. 

Dari yg gratis sampai mahal dengan jaminan mendapatkan pekerjaan. Kadang kepikiran apakah worth it

Sedangkan byk perusahaan msh melihat pekerjaan dr gelar &amp; ipk"
11,2022-03-20 15:25:48+00:00,Testheree,"@mindbrownis @areumind @worksfess Kak sorry nanya, untuk UI/UX kakaknya ikut pelatihan apa aja ya? Boleh spill merk kah hehe, TIA"
12,2022-03-17 12:02:54+00:00,tofuteluur,"Semoga abis selesain pelatihan UI/UX kominfo, aku bisa kerja di tiket(dot)com. 💪💪💪"
13,2022-03-10 01:18:36+00:00,matakudameotoko,"selalu bangsat, anjing lah...
pas kuliah, lagi banyak tugas, laptop dicolong
tahun lalu, lagi seru belajar ui/ux aama desain grafis komputer rusak
sekarang lagi ikut pelatihan notebook rusak

anjing lah, gini mulu pola nua, mending mati aja lah bangsat, cape gua"
14,2022-03-09 05:13:02+00:00,cancerpisces49,@rsmn_vr @worksfess Mereka biasanya belajar ui/ux secara otodidak atau ikut pelatihan?
15,2022-03-06 04:22:41+00:00,Atlesta,"butuh jasa pelatihan check out keranjang shopee, kenapa ui/ux nya shopee membingungkan banget atau aku aja yg gak entos"
16,2022-03-03 18:46:47+00:00,karirfess,"kr! yang ikut pelatihan fga digitalent ui/ux, kalian udah ada info kelulusan atau apa gitu? di aku masih statusnya masih ""seleksi akhir"""
17,2022-02-26 01:20:37+00:00,collegemenfess,"[cm] kalian ada yang daftar pelatihan ui/ux fga digitalent kominfo? kira-kira apa kabar tes substansinya, gays? aku gak berharap banyak di tes substansi, soalnya banyak salahnya :"")"
18,2022-02-23 11:29:49+00:00,karirfess,"Kr! Info rekomendasi pelatihan/bootcamp untuk ui/ux dong buat pemula, makasihh 🙏"
19,2022-02-21 02:56:19+00:00,chlrssti,"@Alhafiiiz_ @MARI_CERIA @worksfess Aku belajar dari youtube, medium, join community, dan karena aku masih mahasiswa sekarang lg ikut program kampus merdeka studi independen yang pelatihan ui/ux sih hehe. Kalau dari segi design iya, harus ngikutin perkembangan zaman tp juga tetap disesuaiin sama usernya"
20,2022-02-18 15:17:38+00:00,sbyfess,"-rek aku kan punya skill desain (masih basic), kalo mau belajar UI UX design gitu bisa taa? apa harus bisa coding juga? pengen coba2 ikut pelatihan soalee"
21,2022-02-16 11:19:59+00:00,aloel_ku,@kotakmakan dari pada bayar seminar mending ikut pelatihan sertifikat. apalagi trend kedepan blockchain developer. disini masih aja ngebahas UX/UI.. hehehe..✌🏻
22,2022-02-15 07:58:05+00:00,DTS_kominfo,"Yuk, ikuti pelatihan UI/UX Design dari PROA X Skilvul! Pada pelatihan ini, kamu akan mempelajari bagaimana memahami UI/UX secara fundamental, konsep dan implementasi design proses dan masih banyak lagi. 🔥 https://t.co/zWpiUB5rU4"
23,2022-02-14 09:39:51+00:00,DTS_kominfo,"Digiers, berminat #JadiJagoanDigital setelah lulus kuliah?!😄

Nah, pas banget nih Digiers! Karna Pelatihan FGA X Rakamin, ada 4 tema pelatihan menarik yang dibuka, diantaranya:

https://t.co/VgnliOJUf9 Marketing
2.UI/UX Design
https://t.co/EhWOTZJigl Intelligence
4.Scrum Master https://t.co/ji2OiVyhRZ"
24,2022-02-12 17:12:41+00:00,karirfess,kr! yang daftar pelatihan FGA Digitalent di UI/UX Rakamin udah ada kabar atau masih seleksi pemberkasan?
25,2022-02-10 02:19:25+00:00,PemdaKotaCrb,"Adapun beberapa Tema Pelatihan yang akan dibuka sebagai berikut:

- Data Scientist (DQLab)
- Data Analyst (DQLab)
- Data Engineer (DQLab)
- Cloud Digital Leader (Google)
- Associate Database (Alibaba)
- UI/UX Design (Skilvul)
- Cyber Operations (Cisco) https://t.co/wFVpBm7bTO"
26,2022-02-05 11:50:37+00:00,worksfess,"Work! Mau tanya dong, kalo mau memperdalam UI/UX design itu ada yang tau ga? Atau ada yang punya info pelatihan yg murah atau Free ? Ku belum kerja dan berpenghasilan soalnya. Makasih 🙏🏻"
27,2022-02-05 04:11:43+00:00,worksfess,Work! Aku bukan lulusan dr teknik/IT gitu tp mau belajar tentang ui/ux kira2 kalo mau pelatihan gitu dimana ya? Atau course yg free gt
28,2022-02-04 09:24:39+00:00,frostyflaps,@worksfess Sekarang lagi ada digitalent kominfo sampai 24 Februari buat pelatihan UI/UX ikut aja nder
29,2022-02-03 11:42:15+00:00,ThisIsHYBE,@Galuhakhdandika yang pengen ikutan pelatihan bersertifikat UI/UX bisa dm yuu
30,2022-01-24 15:45:35+00:00,Harrylicious03,Pelatihan 2: UI/UX Design https://t.co/6bSyznTpsx
31,2022-01-24 14:30:06+00:00,worksfess,"Work! Buat kalian anak IT yg gasuka coding, segala pertimbangan karir, tekanan, dll, mending ambil pelatihan UI/UX or QA?"
32,2022-01-18 06:20:03+00:00,IndiraLintangP,@worksfess Saya tertarik yang lain-lain. Siapa tau ada pelatihan ui/ux atau copywriting 😂
33,2022-01-07 03:24:27+00:00,pxsfun,@worksfess Gapapa nder. Tapi mungkin km bisa pelajari uiux pas kamu masih jadi programmer. Jadi kamu kerja sekalian belajar itu. Tp jgn resign dulu. Mungkin kamu sisihin dri gaji kmu buat ikut pelatihan UI/ux gitu ye kan wkqk
34,2022-01-01 04:50:18+00:00,worksfess,Work! Disini ada kursus atau pelatihan khusus interview ga ya? Terutama interview ui/ux soalnya aku dah berkali2 gagal di interview 🥺 atau mungkin punya thread atau ju4l pdf
