,Date,User,Tweet
0,2022-04-17 11:01:52+00:00,RachmalinD,"Bukber bersama ui ux gang, biasanya daily stand up, sekarang update daily life. Gak kerasa udah setahun aja semenjak lulus bootcamp ✨ https://t.co/hZos4ZQdE7"
1,2022-04-16 15:25:00+00:00,worksfess,"Work! Aku kepikiran switch karier, pengennya kerja di bagian ui/ux design, aku tau basic desain tapi masih awam sama ui/ux, belajar darimana dulu ya? Atau ikut  bootcamp? Ada rekomend? Terus apakah karir opportunitynya bagus ga ya?"
2,2022-04-16 14:52:04+00:00,busy_koala,"@worksfess Ada dong yg gratis, seleksinya mayan tapi, di synrgy academy, itu scholarship bootcamp 7 bulan dan ada ui/ux juga, aku salah satu alumninya nderr, tapi kalo buat SMA keknya belum bisa sih, ada syarat umur/pendidikan kalo ga salah"
3,2022-04-16 14:00:58+00:00,latifaskaa,"3. Ikut bootcamp

Eh, ini aku ga promosi ya tapi aku sering liat info bootcamp ui/ux di @buildwithangga dan menurutku gak terlalu mahal (ini materi basic lo ya).

Kalau materi mau lengkap ya pastinya sebanding dgn harganya."
4,2022-04-16 14:00:54+00:00,latifaskaa,"Saran bootcamp ui/ux gratis ?

Belum ada sih, tapi kalau km mau belajar yg basic bisa belajar pakai cara ini.

1. Membaca tulisan tentang ui/ux

Kamu bs baca artikel di medium-nya kak @dwinawan_ atau baca threadnya @DesignersHalo https://t.co/tHjQ6CBMLf"
5,2022-04-16 12:50:00+00:00,worksfess,Work! ada yang pernah ikut bootcamp digitaltalent? Itu emg khusus d3-S1 ya? SMA gak bisa ikutan kah ? ada saran bootcamp gratis buat bljr ux/ui basic?
6,2022-04-16 06:43:16+00:00,hajepg,aku bootcamp ui ux designer biar jd temen aheng https://t.co/tUleDOt2bj
7,2022-04-16 04:40:02+00:00,astronautboys_,"@DesignersHalo love : ngerasa punya passion di desain jd seru aja belajarnya entah dari bootcamp free / otodidak soalnya emg dari smp suka ngedesain &amp; alasan belajar lbih dlm ttg ui/ux krna ga terlalu menguasai coding &amp; belajar hal baru sesuai dgn passion tu enjoy bro!🥰👀🖤
hate : gaada samsek"
8,2022-04-16 04:20:45+00:00,kwamisato,"@yazexf aku juga ga dapet mata kuliah ui/ux designer kok, itu aku belajar di luar jam kuliah kaya ikut trial class/bootcamp"
9,2022-04-13 01:05:01+00:00,eventsurabaya,"Hai Digipals!
Pendaftaran batch 1 bootcamp UI/UX Research dan Design udah buka lho
 
Open Registration: 01 April – 12 Mei 2022
Jadwal Pelatihan: 13 Mei – 31 Juli 2022 (Tiap Jumat dan Minggu)
 
Dapatkan promo biaya investasi hanya untuk 5 pendaftar tercepat
 
WA: +6281252891306 https://t.co/V6X5sJtVJ6"
10,2022-04-12 15:14:55+00:00,fariddsp22,"..gue, yg udah hampir setahun terjun dari bootcamp (UI/UX design) dan udah lulus kurleb dari 6 bulan lalu, masih berjuang dan masih kebanyakan mikir mau posting begituan di Medium. Kebanyak ina-inu nya yg dipikirin, padahal buat tinggal buat, kalo bisa terarah dan fokus."
11,2022-04-10 23:43:22+00:00,indotix,"Mengutip data InVision Enterprise, setiap harinya tersedia 8.000 – 24.000 lowongan kerja UI/UX Designer secara global. Kamu mau juga gak jadi bagian dr salah satunya? Kalau mau, yuk kita belajar bareng profesi UI/UX Designer bootcamp GreatEdu. info tiket : https://t.co/xbwD9QMXLb https://t.co/oYk6ZUxTc4"
12,2022-04-08 15:15:20+00:00,oohcalpol,bckup plan: ikut bootcamp data analis &amp; ui ux
13,2022-04-08 09:16:44+00:00,mahulana_,"@DesignersHalo - di dunia UI/UX ini ,aku ada bikin beberapa portofolio juga ,rencana nya sih maret kemarin udah mau ikut bootcamp ,tapi terkendala biaya ,jadi rencana di mundurin ke batch 2 yaitu agustus ,supaya ada waktu nyari uang dulu buat bayar bootcamp, sore ini scroll tl @DesignersHalo -"
14,2022-04-07 04:01:16+00:00,BotKumpulan,"- Design Thread -Cara gue belajar UI UX sendiri dari 0. Tanpa bootcamp dan hanya modal belajar di internet.Sebuah utas✨ . Banyak dari temen2 disini, request ke https://t.co/aq5se3fd4c #tipsdantrik"
15,2022-04-06 16:32:21+00:00,armathekid,"saudara gue nyuruh ngambil bootcamp web developer, atau ga ui/ux karna dikira bisa ngedit, padahal editan gue dulu modal superimpose sm vsco doang anjrit"
16,2022-04-05 13:38:40+00:00,ganeeeng,"btw guis barangkali ada yg lg nyari2 (rekomendasi) bootcamp2 an. aku ada nie buat digimar, data, ui ux (ex bootcamp ku sie)

bisa pake kode referral alumni ku jg biar dapet potongan biaya nya, mayan khan https://t.co/Wk2A61kRV4"
17,2022-04-03 04:51:04+00:00,iqbalatma,@jenoyaaa14 @sbmptnfess Biasanya ga semua kampus punya penjurusan untuk ui/ux. Jadi keduanya sama aja kalo tujuannya ui/ux mending ikut bootcamp
18,2022-04-02 07:55:02+00:00,worksfess,"Work! Kalian yang pengen ikut bootcamp biasanya untuk ui ux, dll dimana ya ? Pengen update diri sendiri"
19,2022-04-01 04:24:31+00:00,kentankaki,"@worksfess Kalo yg lagi hot tuhh, data analyst, copywriting, atau ui ux design, digital manager juga, byk bootcamp tpi ya gitu butuh budget"
20,2022-03-27 06:55:40+00:00,karirfess,"Kr! Guys info pelatihan/bootcamp ui/ux gratis dimana aja yaa, yg tau bisa komen yaa makasih"
21,2022-03-27 02:31:50+00:00,skripstwit,@vinjrendia @bubblegummydoll @sereinbangtan @collegemenfess Sharing my own experience. Aku anak pend. Tapi interest bidang ui ux. Belajar dari free course dan webinar sama baca2 artikel atau denger podcast. Ga pernah ikut bootcamp berbayar krn gada duit tp alhamdulillah dikasi kesempatan bisa magang di bidang ui ux. Btw aku smt 6
22,2022-03-26 17:29:07+00:00,whydiwowo,"@etden Ikut bootcamp UI/UX aja, Den. Pindah haluan jadi anak startup. Lagi high demand tuh"
23,2022-03-25 08:07:19+00:00,feuer_idn,@fairyoonjinkook @karirfess Ikut bootcamp ui ux dimana?
24,2022-03-25 01:35:05+00:00,tofuteluur,"@worksfess Kalau mau bootcamp IT ikut digitalent kominfo aja nder. Tiap tahun buka kok. Paling tahun ini gelombang kedua sekitar juli.
Sekarang aku ikut Profesional Academy UI/UX mereka."
25,2022-03-23 15:45:01+00:00,worksfess,Work! Di sini ada yang kerja sebagai fulltime UI/UX designer di perusahaan tanpa ikut bootcamp dulu?
26,2022-03-22 04:00:30+00:00,plumssi,@worksfess Gak worth nder. 4jt mending ikut bootcamp digital marketing/data science/ui ux deh
27,2022-03-21 15:18:53+00:00,belummandipagi,@tweetbytha @myskill_id Belajar UI UX nya di bootcamp atau gimana kak?
28,2022-03-21 11:47:28+00:00,clorodia,"@MFaizGhifari Mas bikin bootcamp ux writing dong, kesana kemari nyari course nya ga nemu2 kebanyakan ui/ux design🥲"
29,2022-03-20 16:30:57+00:00,imyovrbae,"@mindbrownis @lNDlSCHEE @worksfess Wahh paham2 😁 kebetulan aku baru selesai ikt bootcamp ui ux dan mau nyusun portoo tp baru ada 2 case study 😅 pas apply2 gitu banyak dapet panggilannn test gaa kakk? hihi kepo aku, soalnya aku sm kyk kakak, bgnya ga linear ui ux"
30,2022-03-18 14:38:28+00:00,foliarr,"@dandanrapi ga tau, tp aku pokoknya setelah jam 13.00 dan harus sejam. hehe. aku berusaha sehari kerja maksimal 6 jam (udah termasuk ngerjain PR dari bootcamp UX/UI dan belajar soal product design). bye bye hustle culture. 👋🏻"
31,2022-03-15 15:00:50+00:00,ganeeeng,"ex bootcamp ku re open lg bootcamp utk ui ux, apakah dah waktu nya🥺"
32,2022-03-15 02:14:33+00:00,teptetep,"@worksfess bisa-bisa aja asal mau dan perbanyak bikin porto, kemaren ikut bootcamp, ada temen sekolompok dari ekonomi syariah malah jadi full stack designer (handling ui/ux juga)"
33,2022-03-14 08:26:57+00:00,luthfirzkyy,"Buat yang lagi bingung mau belajar UI UX dari mana? buat yang mau switch career juga. 

ini ada thread sangat membantu banget si, cuma modal belajar dari internet tanpa bootcamp. yuk yang mau belajar mending langsung diliat deh!👇🏻 https://t.co/odw1DfnX4k"
34,2022-03-13 13:26:42+00:00,iaintzenxtsuu,"Iklan di ig isinya mini bootcamp UI UX mulu, kan jadi pen ikutan"
35,2022-03-13 11:13:31+00:00,bacautas,"Haloo @stelkendobro 😃👋 Selamat membaca!
""- Design Thread -

Cara gue belajar UI UX sendiri dari 0. Tanpa bootcamp dan hanya modal belajar di internet.

Sebuah utas✨ ..."" https://t.co/G97VN40bSR"
36,2022-03-13 08:12:07+00:00,myskill_id,"Yang mau daftar bootcamp UI/UX
https://t.co/DkULNNnvZy"
37,2022-03-12 10:36:00+00:00,youaiyouex,@Galuhakhdandika bootcamp ui/ux yang bagus di indo dimana sih? 🤔
38,2022-03-09 09:33:30+00:00,ranselbertopeng,@pinotski Umur 35. Lagi ikutan bootcamp bwt belajar UI/UX design. Jadi semangat baca reply2an yg lain. Yook bisa yoook 💪🏼💪🏼💪🏼
39,2022-03-08 14:31:22+00:00,oligerdcat,"Guys2 nanya dong kalo kalian dikasih pilihan, Mending ambil bootcamp Product Manager / UI UX Design ya? Dan kenapa?"
40,2022-03-08 00:31:24+00:00,uiuxsari,emang sekarang bootcamp ui/ux sanber ada case study?
41,2022-03-07 16:21:00+00:00,undipmenfess,"-dips! ada yg tau info course online atau bootcamp buat ui/ux developer yang free gak? kalo ada minta tolong rep dong, terimakasihh ✨✨✨"
42,2022-03-07 15:12:18+00:00,epitone_palette,"Pengen ikut bootcamp ui/ux pake bajet kantor, dri atasan lgsung sih oke2 aja, tapi diminta email ke director trus kasih penjelasan kaitan dg pekerjaan gua saat ini apa? Gua bingung jelasin apa. Cuma pengen nambah skill aja gtu bisa gak sih alesannya? 😅"
43,2022-03-05 12:29:11+00:00,orejki,"@sardenn14 @worksfess mjb kak, mau nanya dulu mendalami ui/ux otodidak atau ikut bootcamp ya? aku lagi kepikiran pengen shifting soalnya"
44,2022-03-05 12:09:33+00:00,ganeeeng,"alhamdulillah dapet bootcamp hratisan dari suatu stratap wkwkw

senin besok running 2 bootcamp😅

emang target deh tahun ini nambah 3 sertifikat/sertifikasi biar value naik. dah di tawarin kantor yg scrum

tapi galau jg mau itu/ui ux/fe/ngulang yg data. fe cukup menggiurkan jg😓"
45,2022-03-03 15:17:06+00:00,nandofirmansya,"Maret ini yaa baru awal udah mak jeblum, semogaa bisa nyelesein semuanyaaaaa 🥲, mulai dari Bootcamp UI UX , Short Course buat motion graphic, CBP batch 3, dan ngurusin internalisasi tim wedding, mulai dari tahapan sampe konsep acara 🥲"
46,2022-03-02 04:01:44+00:00,gantiusername04,kalo gini ceritanya ntar gue gausah ikut bootcamp ui/ux 😭 https://t.co/UmYQI4TeoX
47,2022-03-02 02:10:51+00:00,SatouKazumaaa,"@Galuhakhdandika Nitip siapa tau ada lowongan UI/UX disini, pengalaman saya magang UI/UX di edutech 4 bulan sekarang lagi mempertajam skill di bootcamp ungu🥳"
48,2022-03-01 15:45:25+00:00,nadiaaaps_,"@syammaulanas_ @indiratendi minggu lalu ikut mini bootcamp ui/ux dan use case nya persiiss inii! tambah kerennn, ini ada fitur2 tambahan yg ga kepikiran kemaren😌✨☺️"
49,2022-02-27 06:04:08+00:00,xinfutang,Ya Tuhan bisa kah uang jatuh dari langit? Aku pengen banget masuk bootcamp UI/UX binar
50,2022-02-24 09:07:41+00:00,hrdbacot,yuk yang tertarik jadi UI/UX Designer bisa ikut bootcamp dibawah ini ⤵️ https://t.co/KcpO5FDGG6
51,2022-02-23 11:30:00+00:00,worksfess,"Work! Info rekomendasi bootcamp untuk ui/ux dong buat pemula, makasihh 🙏"
52,2022-02-23 11:29:49+00:00,karirfess,"Kr! Info rekomendasi pelatihan/bootcamp untuk ui/ux dong buat pemula, makasihh 🙏"
53,2022-02-20 14:05:00+00:00,worksfess,"Work! Halo mau tanya dong, kira2 disini ada yang pernah ikut bootcamp digital marketing/ui ux yang ada penyaluran kerjanya kayak dibimb*ng, bin*r, rev*u gak ya? Butuh testimoni/review nya hhe 🙏🏻"
54,2022-02-18 08:00:47+00:00,meilbeurres,ada yang punya voucher sanbercode buat bootcamp ui/ux gak
55,2022-02-18 03:39:22+00:00,sugarmelteds,@worksfess Kemaren tuhhh ada pendaftaran buat digitalent ui/ux tapi udah tutup pdhl aku mau ikut juga nder huhu. Bisa ikut bootcamp/course nderr coba di myskill deh
56,2022-02-18 03:35:01+00:00,worksfess,"Work! Aku lagi mau belajar dunia UI/UX nih, tapi gatau mulai darimana, ada saran dan rekomendasi untuk bootcamp atau yg lainnya ga?"
57,2022-02-18 02:38:01+00:00,dfrzuz,"@codingfess gw saranin coba buat belajar dulu tentang UI UX mungkin kalo lu buat liat artikel bisa tapi kalo tahu apa yang lu buat nanti paham kok, monggo kalo mau ikut bootcamp UI UX silakhan..."
58,2022-02-16 12:06:15+00:00,jarijaritangan_,komunitas UI/UX kenapa keren2 banget sih bahkan pada suka ngasih mentoring atau bootcamp gratis 😭
59,2022-02-13 12:50:20+00:00,worksfess,work! mau belajar ui/ux design. buat mantepin mending ikut bootcamp binar/dibimbing ya?
60,2022-02-12 12:10:04+00:00,worksfess,work! ada yang sekarang kerja jadi ui/ux designer tapi sebelumnya non IT? kalian belajar autodidak/bootcamp dimana? berapa lama proses belajarnya?
61,2022-02-12 11:43:53+00:00,mindbrownis,"@AricaSudrajat @worksfess Dr aku gelutin ui/ux kira2 setaun mas, soalnya dipaksain sambil kerja juga yg sejalan sm jurusan krn butuh money 😂😂. Cuman yg kerjaan skrg aku dapetnya sebelum selesai bootcamp."
62,2022-02-12 03:55:07+00:00,ammanah,"Dulu waktu belajar bootcamp PM, selalu bikin kumpulan link link informasi. Tujuannya, biar enak sumber literasinya. 

Tapi bootcamp UI UX yang ini, nggak sempet bikin karena tabrak-tabrakan sama adaptasi kerajaan baru, culture perusahaan baru dsb dsb"
63,2022-02-11 15:16:03+00:00,putradifa,"Ikut bootcamp UI UX Designer, keterangan nya beginner to intermediate tapi pas masuk grup kayak udah pro semua nya😭"
64,2022-02-11 10:17:38+00:00,myskill_id,"Satu hal yang pasti dalam hidup adalah kita akan terus belajar. Kadang kita butuh mentor, kadang jadi mentor.

Kalau kamu butuh mentor buat belajar UI/UX, join aja ke bootcamp ini

https://t.co/qe8d21kmJG"
65,2022-02-10 11:34:04+00:00,flippingboredaf,"Ini yg bikin gw tertarik buat belajar ui/ux kek peluang pasarnya pada bilang masih luas dan dari segala jurusan bisa. Ya moga, punya duitnya untuk ikut bootcamp sambil sementara kepo"" sendiri dulu https://t.co/e3iCfnjAd8"
66,2022-02-09 12:08:05+00:00,fahmyhaa,"Dari tahun 2014 dimana term UI/UX masih asing, sampe tahun 2022 dimana banyak design workshop/bootcamp bertebaran– ASLI MASIH SUSAH NYARI DESIGNER!

Harusnya designer udah bisa jadi komoditi &amp; logikanya supply nya bisa nutup demand. Tapi Faktanya masih banyak company yg struggle."
67,2022-02-09 02:53:08+00:00,worksfess,work! saran bootcamp ui/ux dong guysss. bwa rekomen gak ya? thank you sebelumnya
68,2022-02-08 13:12:32+00:00,myskill_id,"Semoga kamu gak bingung lagi kenapa kemarin-kemarin gampang lupa &amp; bisa diatasi.

Oh iya, biar gak lupa juga… Februari ini kita ada mini bootcamp untuk belajar UI/UX Design. Cus ke sini yaa..

https://t.co/qe8d21kmJG"
69,2022-02-07 11:40:48+00:00,mindbrownis,@worksfess Ikut bootcamp bisa nder. Aku jg dr bg non IT skrg alhamdulillah kerjanya di UI/UX
70,2022-02-07 08:43:10+00:00,oniiex,"Hello guys! Jadi aku kan lagi belajar ya ui/ux di bootcamp, nah ini salah satu case studynya. Boleh banget ngasih kritik dan saran!

Enjoy

#uidesign #uiux #uxdesign #Casestudy #design 

https://t.co/ux8ycv9B2f"
71,2022-02-06 13:50:44+00:00,worksfess,work! ada yang sekarang kerja jadi ui/ux designer tapi sebelumnya bukan dr jurusan yang relevan? kalian belajar autodidak/bootcamp dimana? berapa lama proses belajarnya?
72,2022-02-06 09:49:49+00:00,myskill_id,"Nah, hal tersebut merupakan sebagian kecil tanggung jawab UI/UX Designer. Gimana alur, tampilan visual dan tulisan yang digunakan di suatu apps dikelola oleh UI/UX Designer.

Kalau kamu ingin belajar menjadi UI/UX Designer intip dulu mini bootcamp ini

https://t.co/qe8d212dvy"
73,2022-02-05 15:57:14+00:00,afterainisbow,@tereverse ih sama lagi aku lack of creativity wkwk bootcamp ui ux dimandoseee
74,2022-02-05 04:25:33+00:00,summer_sun15,@worksfess Kalo ui/ux design bisa ikut bootcamp di digitalent kominfo. Lagi buka pendaftaran tuuhh. Dicek aja ke websitenya
75,2022-02-04 13:10:42+00:00,ganeeeng,"sekarang dah ada bootcamp (khusus/spesialis) devops (biasa nya kan fe be fullstack data ui ux pm, [cloud masih jarang]) mantap jg

menunggu ada yg khusus sre

😁 https://t.co/pP1bzNSWLW"
76,2022-02-04 10:06:22+00:00,myskill_id,"Kalau kamu merasa bisa belajar secara mandiri, bisa banget loh! Informasi juga udah banyak banget yang gratisan.

Tapi, kalau kamu tipe orang yang perlu panduan atau kurikulum, MinSkill saranin buat ikut Mini Bootcamp UI/UX Design!

https://t.co/LLoRWE9bqh"
77,2022-02-04 10:00:01+00:00,myskill_id,"Apa aja pintu masuk ke dunia UI/UX Design:

- Kuliah jurusan yang masih beririsan
- Bootcamp, workshop, training atau certification program
- Self learning (ngulik secara mandiri, cari artikel, youtube, atau bangun networking ke professional, bangun portofolio dll)"
78,2022-02-03 15:03:55+00:00,puteeera,"mending ambil bootcamp UI/UX atau Data Analyst yak 🥲🥲🥲
bingung"
79,2022-02-03 08:30:20+00:00,myskill_id,"🌟UI/UX Design Mini Bootcamp: Batch 4🌟

✅Tutor: Andiastika Intan Pratiwi H (Product Designer - Ula)

✅Sabtu &amp; Minggu
26-27 Feb 2022

✅Only IDR 99 K

✅Benefit:
- Sesi praktik
- E-certificate
- Recording kelas

✅Register: https://t.co/tPa6q60Elv https://t.co/SyDZO1YNXb"
80,2022-02-01 15:13:10+00:00,collegemenfess,[cm] bootcamp atau course UI UX sama excel yg recommend di mana ya ?
81,2022-01-31 17:51:05+00:00,askingthemoon,"Agak seneng karena lumayan banyak kegiatan bulan ini (ikut bootcamp ui/ux, daftar FGA motion graphic) tapi rada garela juga kalo bakal sibuk nugas lagi seperti kembali ke masa2 kulyeah"
82,2022-01-30 08:56:27+00:00,karirfess,Kr! Minta saran tempat bootcamp online UI/UX yang harganya terjangkau buat kantong mahasiswa dongg. Thanksss
83,2022-01-24 00:42:33+00:00,munfess,-rl ada yg punya rekomendasi bootcamp ui ux ga?
84,2022-01-22 15:31:35+00:00,collegemenfess,"[Cm] Kan banyak tuh sekarang kek bootcamp ui/ux. Jujur, aku gapaham itu bahas apa ya? Ya barang kali aku tertarik hehe. Copy writing gitu? Atau gmn ya."
85,2022-01-22 15:16:07+00:00,collegemenfess,[cm] ada yg suka ikut bootcamp ttg ux/ui gakk itu di mana ya temen2?
86,2022-01-22 03:13:13+00:00,itsmeplumpy,"@dwinawan_ freshgraduate dan baru lulus bootcamp, skrg lagi perdalam portofolio biar bs diterima kerja di ui/ux. bbrp kali ditolak soalnyaa wkwkwk sedih"
87,2022-01-22 00:30:38+00:00,sedikit_arab,"Asli deh, sebelum kalian nyebur di industri tech, (IT, UX/UI) better belajar otodidak dulu, bangun ""kemistri"" dibidang tersebut, sayang banget kalo kalian langsung ikut bootcamp tapi tanpa tau ""basic""nya"
88,2022-01-21 13:00:28+00:00,collegemenfess,[Cm] ada yg punya rekomendasi bootcamp ui ux?
89,2022-01-19 09:52:46+00:00,bobameleleh,"@poetrishan kadang gue pengen ui/ux design dong... pdhl lagi ikut bootcamp PM :,)"
90,2022-01-16 00:35:43+00:00,collegemenfess,"[Cm] ui ux tuh bisa nyambung ke jurusan psikologi kan? Lagi mau daftar kelas bootcamp gitu, nanya buat memastikan sebelum daftarr"
91,2022-01-15 11:07:39+00:00,yourunholyy,"@medeiapolli @LiaesTeh @latifaskaa Kalo untuk UI/UX biasanya kuliah desain, tapi yg bukan jurusan desain juga bisa kok belajar dari awal kalo ikut bootcamp ataupun ikut kursus UI/UX"
92,2022-01-12 13:09:09+00:00,tweetbytha,Mentor bootcamp UI/UX w ternyata lebih muda dr w. Astagaaa. W bener bener buang waktu. Yuk bisa yuk
93,2022-01-11 10:56:18+00:00,deyja94,"Dilain sisi gue ngeliat ui/ux mendadak booming pas itu, bootcamp pada bermekaran dimana-mana. Artinya persaingan gue nanti bakal lebih ketat dibanding dugaan gue sebelumnya. Gue sempet down, ngerasa gambling dengan keputusan shifting career. Semesta kaya ga mendukung."
94,2022-01-10 14:26:49+00:00,mamauludii,"@barbieproletar sok mangga mba bnyak ni area2 kerja yg lagi happening bngt kek UI UX, Data scientist, product manager atau digital marketing.

Kalo butuh gambaran, skrg lagi bnyak juga yg open short bootcamp dan gratis dee. jd enak bsa dpet gambaran dlu"
95,2022-01-10 14:20:56+00:00,telingajerapah,nyari info bootcamp ui/ux atau desain dimana ya :(
96,2022-01-10 07:04:16+00:00,seokjininthesky,"Jadi kalau ada dana lebih, mending uangnya ditabung buat ikut bootcamp yang namanya udah ngejual. Contoh: mungkin kalau mau ambil ui / ux bisa ke purwadhika, kalau mau ambil data science bisa ambil algoritma data science, kalau mau ambil digital marketing ambil revou"
97,2022-01-10 05:56:54+00:00,weedninx,@missufe ikut bootcamp ui/ux designer soalnya penegen banget
98,2022-01-09 15:54:16+00:00,CAINOSURE,"@wiIcoxon - kantor macem IT consultan begitu. Selesai bootcamp bisa ditempatin dimana aja dari hasilnya. 

Jadi techinacal writer, UI/UX programmer , ETL Developer atau software engineer"
99,2022-01-09 10:26:00+00:00,dhivaaaaaaaaaa,saranin bootcamp ui ux dong hehe
100,2022-01-05 11:57:16+00:00,pakdhe_brian,"@codingfess Belajar di bootcamp itu yg diincar kualitas mentor nya. Berkualitas yang mana? Ada career coaching ga? Disitu suruh bikin portfolio ga? Durasi bootcamp ga bs jadi patokan preferensi, karena UI / UX ga bs dipelajari dalam waktu singkat. Iterasi. Iterasi. Iterasi."
101,2022-01-05 07:07:59+00:00,subkh4n,"menjadi mitra pembelajaran digital bagi anak bangsa dan dengan system bootcamp/adanya mentor untuk menyelesaikan setiap kelas yang di ikuti. Dan menambahkan path learning UI/UX designer di tahun 2022 ini. 

part~3"
102,2022-01-05 06:14:31+00:00,eMrebuild,"&gt;Nyari bootcamp UI UX
&gt;Wuih ada.mp4
&gt;liat requirement
&gt;Harus lulusan D3 atau S1

lah ajg- mau belajar aja harus lulus kuliah juga"
103,2022-01-04 15:48:12+00:00,worksfess,"work! ada yang pengalaman kerja di perusahaan IT ngga? aku FG dan rencana mau ambil bootcamp, aku bingung antara milih UI/UX atau Full-Stack Web Development. Kalian ada saran ngga mendingan yang mana? btw aku lulusan soshum"
104,2022-01-02 02:55:43+00:00,karirfess,"Kr ! Hallo guys , ada yang punya info tentang Bootcamp UI / UX atau semacamnya ngga ya ? Kalo ada comment yaa 

Terimakasih,"
