,Date,User,Tweet
0,2022-04-19 07:14:45+00:00,one1000x,"Belajar Bermain Knives Out (Android, iOS) di Mode Training Ground 2022 https://t.co/ByFoAqW5nG lewat @YouTube"
1,2022-04-16 12:44:16+00:00,RosaSyapriadi,@YogaswaraWahyu @Pemandu_Bakat Seminggu ini full seminar dan training full menggunakan android dan pc yang kemudian di transfer.
2,2022-04-09 03:09:41+00:00,nuansa_global,"Apa sih Kotlin itu dan kenapa kalian harus pelajari Kotlin?
Bagi kalian yg tau java, ngga heran kalo kamu mau tau jg tentang Kotlin. Di era ini ternyata banyak programmer yg beralih ke bahasa satu ini loh.
#pelatihankotlin #androiddeveloper #trainingandroid #bimtek #pelatihanit https://t.co/WfepM5KER8"
3,2022-04-08 21:37:10+00:00,ririesta,"@bima_marzuki @ditjen_imigrasi Teringat temen2 gue yg paspornya abis pdhl skrg kita udh mulai aktif lg training &amp; meeting ke LN, duh perpanjangnya ampe ke cilegon atau cianjur utk cari tgl kosong pdhl domisili jkt 🤣 btw mereka blg lebih lancar pake android dibanding ios utk buka aplikasinya"
4,2022-03-21 16:15:23+00:00,_f_ja_,"@sanawira Aku cuma sekali bgt pake Yandex pas training hoax busting. Menurutku sama aja sih result buat reverse image. Tapi klo bahas jangkauan, pasti menang Google. Dari HP (sbg android user), termudahkan jg pake fitur google lens"
5,2022-02-27 14:25:53+00:00,jack____ruby,"Ane mau share gan, google training + certification, ada digital marketing, algoritma dan data struktur,web devel ama android development,data science ama misin lerning.
yang mau upgrade skill/dalemin pengetahuannya atau banting stir ke IT Dev."
6,2022-02-22 09:18:06+00:00,dicoding,"Sebagai Google Developers Authorized Training Partner di Indonesia, kurikulum Dicoding dipastikan sudah sesuai checklist dari Google.  

Sehingga lulusan terpercaya, bahkan tanpa perlu membuktikan diri di ujian Associate Android Developer."
7,2022-02-21 05:05:41+00:00,dicoding,"⚠️ Selain up to date, seorang Android Dev juga harus memiliki fondasi pemrograman yang kuat.

Dapatkan fondasi pemrograman yang kuat dari kurikulum resmi Google Developers Authorized Training Partner."
8,2022-02-19 08:26:23+00:00,dicoding,"Pelajari implementasi komponen dasar aplikasi Android bersama Dicoding, Google Developers Authorized Training Partner di Indonesia.

Tersedia kelas tingkat dasar hingga profesional di alur belajar Android Developer Learning Path.

https://t.co/0USTMDnlLk"
9,2022-02-15 22:05:19+00:00,jeejizeezi,"gue kuliah cuma bikin model AI yang memungkinkan orang buat training dan labelling dataset gambar lewat UI di webapp doang sih.

yaaa sama beberapa aplikasi android kecil-kecilan, integrasi one-app IoT dan usage forecasting pake AI.

hm sama yah, bikin OS kw-nya UNIX juga pernah. https://t.co/14GDmdtAeJ"
10,2022-02-14 06:39:08+00:00,dicoding,"Sebagai Google Developers Authorized Training Partner, Dicoding telah menyediakan alur belajar lengkap untuk menjadi seorang Android Developer.

https://t.co/0USTMD6iJk"
11,2022-01-28 06:54:58+00:00,dicoding,"Perdalam keahlianmu di dunia pemrograman Android. Materi kelas ini disusun oleh Dicoding sebagai Google Developers Authorized Training Partner di Indonesia.
https://t.co/E1MxEaN3lu"
12,2022-01-10 09:27:01+00:00,onnowpurbo,"Insya Allah bulan Februari 2022 ITTS akan kerjasama dengan Program Huawei Student Developer bersifat bebas (FREE) untuk mahasiswa ITTS maupun mahasiswa OpenCourse ITTS. Untuk training FREE sebagai Mobile Apps Developer (Android, iOS &amp; Huawei)."
