,Date,User,Tweet
0,2022-04-19 06:11:10+00:00,haqqi,"Case-nya 3 harian lalu beli course, diskon jadi 179rb. Kebetulan checkout pakai Android. Cuma ada pilihan GPay. Waktu bayar, yang ketarik dari cc Jenius 198,690 IDR. Baru sadar kalau kena pajak."
1,2022-04-10 05:39:12+00:00,qtiejaem,"ini kalo dibuatin series enhypen &amp; treasure bagus jugaa kali ya ? 🙇 btw kalo kalian nanyaa ini available buat android / gaak, of course iyaa ! all jenis hp &lt;3 bakal aku launching ^______^ https://t.co/frQke6IbFD"
2,2022-04-08 13:28:12+00:00,codingfess,code; ada saran course belajar android dev? trimakasi sebelumnya!
3,2022-04-04 02:06:28+00:00,dicoding,"🔔COURSE LAUNCHING🔔

Spesial untukmu yang ingin lebih dalam mempersiapkan diri menjadi seorang Android Developer yang kompeten, Dicoding menghadirkan kelas Belajar Pengembangan Aplikasi Android Intermediate. https://t.co/EFSWj6vmsW"
4,2022-04-01 13:38:49+00:00,FaizaSulaman,"Dekat 10 tahun pakai android, bila kena pegang phone ofis.. terkial2 lah citer dia nak catch up basic function 😅

Ye saya budak baru belajar. Tak pasal open course baru. Hahaha. 

Cepat sikit staf baru masuk keje. Nak buat penyerahan kuasa ni"
5,2022-03-23 06:34:04+00:00,Jokitugsfess,"joktug! 

open jasa joki
💰sd-kuliah

open jasa pembuatan program 
💰web,android,java dll

💰open jasa pembuatan makalah,jurnal,skripsi

💰open jasa design memakai canva

💰 unlock course hero

langsung kirim soal aja yaa, klo mau joki hehe

minat?  (cont..)"
6,2022-03-18 18:40:30+00:00,android_1os,@FestoNgadaya Wasanii hawajasoma ata computer course😂 nchi ya hovyo ndio maana Diamond kajiita bitch😂😂
7,2022-03-13 15:08:33+00:00,husinassegafff,"Aplikasi android pertama yang berhasil dibuat😅

Berhubung untuk keperluan submission course, jadi buatnya hanya memenuhi kriteria aja wkwk. Apalagi ini udah telat ngumpulin.

Masih harus banyak belajar💪 https://t.co/uGKqv8p3hf"
8,2022-03-05 05:40:19+00:00,naufalpodolski,"@XavierNaxa Baru tukar minggu lepas setelah bertahun stick dengan midrange android. So far okaylah, cuma bateri usage jela memang rasa lain sebab dulu jarang charge. And of course applications much more optimized sebab dev lagi senang focus on iphone series. No more pixelated stories jelah"
9,2022-03-05 05:39:34+00:00,IncheFaris,"@XavierNaxa Mula mula takut nak hijrah dari Android ke iOS, tapi alhamdulillah semuanya berjalan lancar. Haha.

Of course untuk beberapa hari selepas pindah tu masih rasa kurang familiar tapi lama lama sudah okay. 

InshaAllah akan cuba kerja guna ekosistem Apple pula lepasni 😁"
10,2022-02-16 06:21:00+00:00,febryansambuari,@codingfess Udemy nya programmer zaman now nder. Ada course buat android. Lagi diskon pula
11,2022-02-05 05:59:37+00:00,acapmamy,"@ahmadikhwannn Budget mcm xde issue sgt, phone2 android ni insyaAllah mampu lagi.. but of course lagi murah lagi bagus 🤣..

Cuma aku nk cari y overall ok.. Dari segi performance, battery, camera, storage, dan lain2 dye di paras above average la kalau boleh.."
12,2022-02-03 09:01:01+00:00,codingfess,"rekomen course gratis android dong teman"", pengen belajar android, makasihh code;"
13,2022-01-30 06:02:19+00:00,destalva25,"@artistsbase Kalo saranku cari course yang pakai software sejenis aja nder, soalnya kadang menu/opsi dari software PC dan aplikasi android jauh berbeda. Tapi kalau penasaran sama hal2 basic yang sekiranya kamu tau ""oh ini bisa diaplikasikan di canva pake opsi abcd"" ya gpp."
14,2022-01-26 09:59:56+00:00,yadngr,@codingfess course lengkap android sejauh ini sih https://t.co/ChNnUFt5bu nder
15,2022-01-25 08:12:00+00:00,sumaru90,@DTS_kominfo Min sertifikat PROA Android belum keluar ya dari Kominfo? Sudah lama sekali course nya selesai min. Sudah isi LJP segala macam juga.
16,2022-01-06 14:46:19+00:00,codingfess,"code; dari kemarin nyari course mobile development kok susah banget ya, apalagi yang native android, kok kebanyakan coursenya web ya?"
