,Date,User,Tweet
0,2022-04-10 03:54:31+00:00,vintag3sounds,"ini juga nih masih pada sd kisaran kelas 5 dan 6, udah belajar python https://t.co/Sy4F85ze9F"
1,2022-04-09 13:27:13+00:00,sulistiyares,"dulu gua waktu belajar kelas python terus awalan sabi bikin hello world aja udah berasa 'weh keren bet anjayy w' njir tolil banget😭😭😭 keren sih ni tapi adenya, baru sd cuk https://t.co/feuHsjCJPR"
2,2022-04-07 18:01:40+00:00,darefatir,"Woww, really looking forward, Pacmin!🥰 indeed materi DE masi blm sepopuler DS 🥲 

Anw dulu pernah ikut kelas basic python dan kalkulus dan cukup terkesan (walau drop di tengah 🥲). Semoga yg ini harga dan jadwalnya cocok. https://t.co/9bVdqTLwqc"
3,2022-04-06 10:32:04+00:00,hacktiv8id,"Sekarang kesempatan kamu buat nyusul mereka dengan ikut batch Bootcamp Data Science berikutnya. Kelas dimulai 11 April 2022. Yuk, Daftar sekarang melalui https://t.co/ZAXQH6PNDW

#DigitalInYourHands #WeAreHacktiv8 #Python #DataAnalyst #DataScientist #BootcampDataScience"
4,2022-04-05 12:32:58+00:00,faldibule,"@codingfess WPU klo mau bljar web dari awal
Kelas terbuka buat python dan java"
5,2022-04-03 08:33:12+00:00,gavrillamahdi,"@codingfess Banyak ko di yt yang gratis. Kalo mau yang indo ada channel web programming unpas buat webdev, ato kelas terbuka kalo mau python cpp dsb"
6,2022-04-02 15:43:22+00:00,hapidzf21,Menggunakan Kelas Data untuk Konfigurasi dengan Python https://t.co/JfLtz0Pgya
7,2022-04-02 04:50:13+00:00,baterusco,"Jadwal kelas python hari ini belajar materi tentang class dan object oriented programming (OOP). Awal-awal ngerasa banget perlu effort buat ngerti konsepnya, tapi setelah cukup ngerti dan praktek langsung jadi paham kenapa OOP ini penting dalam pemrograman."
8,2022-04-01 07:36:37+00:00,hapidzf21,"Cara Membangun Kelas yang Sebanding dengan Python | oleh Lev Maximov | Apr, 2022 | Pemrograman yang Lebih Baik https://t.co/GfKukYYg1I"
9,2022-03-27 13:43:50+00:00,benimaru____,@lifeatpacmann @pacmannai nyambi kelas python dan sql ya pacmin? haha
10,2022-03-19 12:01:22+00:00,notauly,ajg kelas 10 udah python???? gue kelas 10 masi belajar pelajaran jurusan laen https://t.co/NsGnVwTPrD
11,2022-03-18 07:04:59+00:00,muhdaniellll,Sem ni belajar python. Harap okay la. Dahla kelas dua dua sampai pukul 6 hahah
12,2022-03-16 07:11:22+00:00,karimnas_,"@KepitingKesasar bukan, ini lebih karena anak gua sama sekali gak punya latar belakang coding.. 😅 Jadi gua bantu-bantu sedikit supaya dia paham basic Python. Kalau dia sudah lancar nanti saya talangi ke kelas-kelas yang lebih pro pastinya. Thanks for the info anyway."
13,2022-03-13 10:28:06+00:00,papamika,Sertifikat Kelulusan kelas Memulai Pemrograman Dengan Python https://t.co/TaIlbVVsMo via @dicoding
14,2022-03-10 15:02:46+00:00,awakutuleksikon,"Wkwk, sambil dengerin materi kelas Python."
15,2022-03-09 16:47:18+00:00,virtualservers,"What I did so far:
1. Subscribe kelas Udemy untuk semua topik diatas - Done. Tapi ga berguna karena total butuh 250 hours buat complete semua course.
2. Bongkar rak buku buat cari buku Linux &amp; Python.
3. Beli buku Data Mining, Data Warehouse, Docker, Web Node.Js, gosend instant."
16,2022-03-07 21:19:47+00:00,keirayukiii,"Between 3 + 3 bulan kelas Program Computer Science Harvard, belajar python, ngurus pekerjaan,

badanku menjerit."
17,2022-03-05 13:22:08+00:00,cygvnus,"kenapa ya semester ini dosennya baik semua, kelewat baik.. kayak huftt jelasinnya pelan-pelan banget, apalagi pas python jelek mau aja diminta jelasin ulang sama anak kelas 🤒"
18,2022-03-04 14:02:50+00:00,hobicerita,"@Henstwan @codingfess machine learning ka, tapi baru kelas python masih embuh ..."
19,2022-03-03 06:02:45+00:00,spinxcscute,"Diajak temen ikut action yg kelas big data using python
Xixixixi
Asik bgt punya temen yg suka ngajak ikut hal-hal baru yg positif💞 https://t.co/QqCXZMLFI2"
20,2022-03-02 02:40:34+00:00,lambeabon,"2 tahun yg lalu... baca beritanya pas selesai praktikum alprog di labkom lg nunggu install python, lgsg lari ke kelas mpkt a, tdk lupa mengenakan masker https://t.co/B1F8ez5YaJ"
21,2022-03-01 16:39:45+00:00,adfysnnn,"PADET YAH BUND HARI INI

Indonesia = jam 7-9
Pkn = jam 9-11 (ghosting)
Python = jam 11-14
Istirahat tuh 14-15
Diskusi esai 15-16
Eh kelas Pkn timbul 16-17.30
Istirahat sampe 18.30
Sosialiasi prodi 19 sampe 19.30
webinar 19.30-21.30
zoom baso 20-21
Diskusi lomba 22-23.30"
22,2022-02-26 17:04:03+00:00,zikhrul,"Dan Python Free Weeksnya udah kelar, dan gue lagi istirahat bentar dari dataquest. Gue berencana coba buat simple game pake python atau coba ambil kelas lagi dari Udemy soal Machine Learning terus ikut kompetisinya kaggle"
23,2022-02-26 11:24:05+00:00,disc_ter,"Oiya selain python, masih banyak lagi kelas yang tersedia pada @progateID seperti pemrograman PHP, Database, HTML, dan masih banyak lagi. Sekian pengalaman saya selama belajar pemrograman bersama @progateID. Ayo coba belajar di @progateID guys, cobain deh seru dan asik."
24,2022-02-26 11:24:02+00:00,disc_ter,Saya pun langsung mendaftar dan membuat akun pada website @progateID. Setelahnya saya langsung memulai sesi pembelajaran pada kelas bahasa pemrograman python yang telah disediakan.
25,2022-02-26 11:24:01+00:00,disc_ter,Pertama saya mengenal @progateID  yaitu ketika saya ingin memulai belajar bahasa pemrograman python. Disini saya mendapatkan info dari teman saya bahwa @progateID mengadakan mini course gratis dan ada kelas pemrograman python didalamnya.
26,2022-02-25 02:11:09+00:00,ItsOkayForYou,"@_sshav Coba cek yt kelas terbuka deh shae, itu lumayan lengkap buat belajar python hehe"
27,2022-02-22 16:00:16+00:00,Ir_syahbanu,@irfanisml @lrstdn Gua nunggu laras buka kelas python sama sql ncek
28,2022-02-22 04:33:25+00:00,davkaIa,@rentworldz Pernah ambil kelas python tapi gumoh &lt;/3
29,2022-02-17 10:19:49+00:00,fenilalaniin,"((november 2021))
mas aldo: mau belajar python ga dek??
aku: hah buat apa ga guna di farmasi, aku di webdev cuma bantuin desain sama artikel aja mas

((kelas transdig))
dosen: untuk pertemuan selanjutnya bersama saya, kita belajar python

....."
30,2022-02-15 07:52:02+00:00,ImamS121100,Sertifikat Kelulusan kelas Memulai Pemrograman Dengan Python https://t.co/06qt948aus via @dicoding
31,2022-02-13 19:20:46+00:00,zikhrul,"Yaudah, berhubung niat gue belajar data science, ya gue pilih data science. Dia juga ngambil beberapa data lain terkait riwayat pendidikan, pekerjaan, dan pengalaman di bidang terkait. Ya jawab, jujur aja gue mah.
Terus akhirnya disarankan ambil kelas Data Science in Python"
32,2022-02-13 19:16:10+00:00,zikhrul,"Gue googling tempat dimana gue bisa ngasah skill Python gue, ya karena kelas yang gue ambil cuma pengenalan doang belum sampe ada latihan masalah real. Akhirnya gue nemu dataquest, karena dia cukup pinter main SEO jadi dia ada di atas haha"
33,2022-02-13 19:14:36+00:00,zikhrul,"Dan dari kelas tersebut, kebuka pikiran gue tentang Python. Maksudnya kebuka itu gue jadi mengenal Python, sampe kelar kelas gue gak dapet sertifikat karena gue ambil yang gratis kan.
Terus gue sadar, wah kurang banget nich latihan w.
Googling lagi lah"
34,2022-02-13 19:11:45+00:00,zikhrul,"Tapi balik lagi karena gue gak ada duit, gue nyari-nyari yang gratisan. Awalnya gue ambil kelas di udemy yang berjudul Introduction to Python Programming. Kenapa python? Karena dari contekan yang gue dapet dari silabus bootcamp berbayar, bahasa yang dipakai itu Python sama R."
35,2022-02-11 09:30:39+00:00,HeniPR,"Buat hiburan dibaca2 aja, masih mikir dua kali bikin kelas coding python for kids di https://t.co/8CNPHPncY6; bosen rekomendasi bikin turtle/kalkulator aja yg ada…. https://t.co/taxKEoMfNf"
36,2022-02-08 03:26:47+00:00,bitterbutter789,"Kalo lagi kelas gini kenapa tiba2 kebelet boker sih, mana sekarang pake python lagi ya Allah"
37,2022-02-03 14:12:18+00:00,Matahari9841,"Ikutan kelas gratisan tentang data analis aja puyeng sambil ngomong apa ity python, SQL, ga paham, ihh kok bisa 😌 https://t.co/jEy3HSQ2ih"
38,2022-01-28 14:51:55+00:00,rizkybprasetyo,"banyak bgt yg harus dilakuin malem ini :(
lengkapin profile buat lamaran, assestmentnya, kelas python, bikin CV, packing 

hadeh"
39,2022-01-19 12:53:13+00:00,degreeofreed0m,"Jadi pas itu uas tau uts aplikom (pemrograman dan aplikasi komputer), pake python. Pas kelas w paham paham aja ama penjelasan bapaknya.

Terus uas/uts. Lupa. Tulis tangan.
Jd dikasih case, terus suruh nulis codingbya apa dan kira2 hasilnya bakal keluar apa.

Ada 5-7 soal, lupa"
40,2022-01-19 11:33:29+00:00,athemorgolem8,"@elfanthedev Wah, sebenarnya lumayan tertarik banting stir ke Python. 

Ada penjelasan ringkas ttg apa aja yg bakal kita dapetin di kelas Python ga nih bang?
Thanks yak 😁

P.S.: kenapa sampe ada note gabole pake vpn/proxy😂rofl"
41,2022-01-15 23:22:11+00:00,adistoday,"Membuat aplikasi web dengan teknologi Python bisa terasa mudah dan menyenangkan dengan @streamlit 

Sangat layak dimasukkan dalam materi pembelajaran di kelas

https://t.co/B9kuuMXqDU

#streamlit #python"
42,2022-01-15 00:57:11+00:00,adoremixxiw,gue takut bgt python 😭 selain di kelas di sini juga ada p word ini sjdjkejfjekek https://t.co/gPcRnNlZ6c
43,2022-01-14 07:07:36+00:00,FULLS0N,"@AntonSipayung @JVLEHA Kebetulan aku anak mtk dan sering pake excel/spss, pernah ngambil kelas R/Python jugaa latihan di aplikasinya. Tapi kyknya yg paling manjur itu ikut project kaliya, ada kasus yg harus dikerjain, krn kalau cuma belajar teori krg masuk. Btw I'm a female but it's okay, makasih yaaa!"
44,2022-01-12 11:12:07+00:00,FitriAn41463486,"@jjkcrusyh @subschfess Ada di youtube
1. Kelas terbuka: kalau mau belajar dasar bahasa pemrograman kayak python, java, dll
2. Web programming unpas: untuk belajar buat website

Saranku better belajar di kelas terbuka dulu salah satu bahasa. Soalnya nanti di smt 1 pas kuliah belajarnya salah satu dr itu"
45,2022-01-11 14:32:21+00:00,letstudyguys,"@collegemenfess python gampang, kalau mau belajar ya di yt banyak. bisa juga ke udemy, buat dpt kelas gratisnya bisa cari di telegram"
46,2022-01-10 10:02:29+00:00,enigmacamp,"2. Membangun Fitur Chatbot dengan
menggunakan Python

3. Membangun Machine Learning dasar
menggunakan Python

Kelas tersebut akan berjalan secara online!

Tunggu apa lagi? Daftar sekarang juga klik link in bio
atau bisa melalui website di https://t.co/v5w4bXWWu6"
47,2022-01-07 09:58:47+00:00,enigmacamp,"2. Membangun Fitur Chatbot dengan
menggunakan Python

3. Membangun Machine Learning dasar
menggunakan Python

Kelas tersebut akan berjalan secara online!

Tunggu apa lagi? Daftar sekarang juga klik link in bio
atau bisa melalui website di https://t.co/v5w4bXWWu6"
48,2022-01-03 10:57:21+00:00,makhluk_langitt,"@codingfess Maaf kak, ijin mau tanya, playlist python yng di chnnel yt kelas terbuka rekomen ga ya?"
49,2022-01-02 02:39:42+00:00,andrem817,"@codingfess Youtube belajar python general bisa di kelas terbuka terus khusus data science di indonesia belajar, itu youtube ya free"
50,2022-01-01 19:08:34+00:00,joshua_tege,"@codingfess Kelas terbuka python di youtube utk dasar

Coba hackerrank mode easy utk belajar challenge logic. Codewars juga oke

Trus main"" di kaggle kalau mau project"" ds. Disana banyak project + penyelesaian dri orang"", jadi bisa sambil dipelajari"
51,2022-01-01 09:09:13+00:00,zikhrul,"@ShopeeID A. Laptop sih min, butuh banget. Soalnya laptopku dipake adek buat kelas. Buat belajar python hehehe"
