,Date,User,Tweet
0,2022-04-16 14:28:50+00:00,kolektorstore,"Tewas banget hari ini:

Pagi marahin supplier
Pagi suntik booster
Siang sampe sore training UI UX
Sore 3 jam depan laptop buat event
Malem standby sambil ngurus suatu hal

Semoga besoq masi waras 😀👍"
1,2022-04-15 03:35:43+00:00,kolektorstore,"Hari ini aku rada slow respon dulu ya, lagi ada training UI UX 🙏"
2,2022-03-24 14:55:42+00:00,dohyaun,"going to take semi-rest (?) karena mau fokus ke resolusi 2022: belajar UI / UX lebih dalam. mau menghabiskan waktu dengan training ketika udah di luar jam kerja.

kalau mau order layout / gif masih bisa. silahkan dm. tapi aku kemungkinan gak akan banyak promosiin ini itu"
3,2022-03-13 16:14:09+00:00,Dailyriyanriyan,"sistem yang gue buat ( sendirian ) dari sistem analyst, database administrator, ui ux, tahap backend perkodingan, QA, training sampe pembuatan guide book hmmmm dan sekarang ingin di pindah tangankan hiks 61 tabel.. 

huehehehe kalo ada bug, gue kenain charge ah HUEEHEHEHEHE https://t.co/2vairTrsv2"
4,2022-02-04 10:00:01+00:00,myskill_id,"Apa aja pintu masuk ke dunia UI/UX Design:

- Kuliah jurusan yang masih beririsan
- Bootcamp, workshop, training atau certification program
- Self learning (ngulik secara mandiri, cari artikel, youtube, atau bangun networking ke professional, bangun portofolio dll)"
