,Date,User,Tweet
0,2022-04-16 10:47:36+00:00,itseimrld,"@worksfess Hi Senderrr, menarik nih, bolh tahu kamu kemarin ikut kursus apa aja? Aku kebetulan kemarin sempat ikut python course tp merasa blm optimal dan blm bisa bikin project sendiri jg huhu padahal pengen ke data analyst juga"
1,2022-04-16 07:14:41+00:00,autumnn623,Enek bgt nontonin course intro datascience in python padahal ibarat matematika kayaknya gue baru nyampe LO penjumlahan pengurangan deh wkwkwkw
2,2022-04-16 05:04:25+00:00,detohlikaatapoh,"@worksfess Belajarnya mostly dari online2 course gratisan kayak edx, coursera, MIT open courseware. Awal2 belajar focus di python &amp; library2 pendukungnya (pandas, matplotlib). Setelah itu parallel belajar aljabar linear sama calculus. Baru kemudian nyemplung ke machine learning."
3,2022-04-13 11:06:07+00:00,StrayB0m,"@akbgryrt OALAAH, tp ini gua lg course python yg buat data analyst, jd keanya lbh ke python TI wkwk"
4,2022-04-13 09:25:00+00:00,worksfess,Work! Klo beli course datacamp buat belajar sql sama python worth ga ya? Apa ada saran course lain yang worth to buy?
5,2022-04-12 10:03:40+00:00,karirfess,Kr! Klo beli course datacamp buat belajar sql sama python worth ga ya? Apa ada saran course lain yang harganya masih lumayan terjangkau?
6,2022-04-07 00:36:47+00:00,ArdhioRa,"Day #6 : 28/03/2020
Masuk Python programming Track
1st Course : Writing Efficient Python Code
chapter 1 masih bahas tentang cara iterating yang lebih oke, pakai built-in tools kayak range(), enumerate(), sama map() &amp; akhirnya aware kalo numpy arrays itu jauh lebih cepet &amp; efisien"
7,2022-04-06 02:39:12+00:00,sodontgetblue,"@karirfess Aku masih belajar nderr. Pelajarin sql, python, ama r. Buat visualisasi belajar tableau atau power bi atau google data studio. Kalo course bisa dari datacamp atau dqlab"
8,2022-04-06 01:30:32+00:00,codingfess,code; belajar python but machine learning di course mana ya yg gratis &amp; bagus?
9,2022-04-05 10:46:31+00:00,revoudotco,"RevoU
Mini Course Data Analytics
https://t.co/OoeZRLU6KT 

Durasi: 2 minngu
Bahasa: Bahasa Indonesia
Biaya: FREE + dapet sertifikat!
Skill yang akan didapetin: Basic Excel, SQL, Python, Data Visualisasi, dan masih banyak lagi!"
10,2022-04-03 09:30:57+00:00,izzako_,"@karirfess kaggle ada course gratis, kalo mau belajar python/SQL"
11,2022-04-02 16:18:53+00:00,collegemenfess,gaiss course buat belajar python yg gratis dimana ya.. TIA [cm]
12,2022-03-30 15:53:20+00:00,AijazBinRafi,@mean_meteor Of course He knows everything. Allah ne namaz farz kiya hai &amp; tarika b bataya hai to ye batao ki tumhare tarike se namaz padhien ya Islam ke tarike se? C++ ke program me python ka syntax likhte ho kya ? Ab clear kr do ki tumhara tarika sahi hai ya Islam ne jo bataya vo sahi hai.
13,2022-03-26 11:45:01+00:00,worksfess,"Work! Kaka² minta sarannya ya. Aku mahasiswa ekonomi pengen belajar data analys, kemaren udah smpt belajar dasar python (cleaning data) di r3v0*, saran course online yg free/biayanya ga mahal kalau ada ya kaka².
Terima kasih🙏"
14,2022-03-25 20:33:32+00:00,AdilShahryar2,"@tyba_here 🙂🤧kambakht har kam mid sy zada kar ka chora hova 
Python  ka bas 2 chapter rehta han
Deep learning ka course half sy zada kya chor daya
Ardunio programming atu sy abki nahi
Bas go kam khud karna ho vo esa hi hota"
15,2022-03-25 16:48:57+00:00,iluvuby,"Gaada tips khusus, belajarnya dari pengalaman ngerjain tugas/project ngoding. Kalau ngestuck dan susah selesein error nya, bertanya ke gugel (biasanya st4ck ov3rfl0w banyak source). Bisa juga join course-course tentang python. Intinya perbanyak latihan ngoding aja. https://t.co/TAkSukEs27"
16,2022-03-19 16:10:59+00:00,miniematrix,Enaknya lanjutin ngerjain course ga ya? Tpi klo python butuh energi ekstra 😭 agak tolil soalnya
17,2022-03-18 15:17:01+00:00,ArdhioRa,"Day #5 : 18/03/2022

Demot lagi gegara ngerasa takut gak bisa bener bener mastering skillnya. Maksa otak buat nyelesaiin course untuk materi iteration. lumayan data types &amp; loops di python

Akhirnya track python fundamental selesai &amp; dipajang di portal flexing bursa tenaga kerja"
18,2022-03-17 15:51:41+00:00,ArdhioRa,"Day #4 : 17/03/2022

Dari pagi udah langsung mantengin laptop gegara berapi api pengen progres hahaha. Udah bisa bikin function, ngerefresh global-local scope, ngerti lambda function + handling error messages

Dapet nyelesaiin 1 course full buat bikin python function. more to go!"
19,2022-03-16 17:22:20+00:00,boysoblog,kelar jg course bangkit python ajg 💀💀💀💀
20,2022-03-16 15:13:09+00:00,ArdhioRa,"Day #3 (lanjutan) : 16/03/2022

Pengen ngeskip course hello worldnya python karena ngerasa udah ngerti, tapi assessment gak bisa diboongin. Puas dengan diri sendiri karena MAU nyoba timed-assessment pertama kali

 Amazed dikasi recom materi yang perlu diperkuat : belum ngerti OOP https://t.co/MWXBc3wgjK"
21,2022-03-16 10:58:39+00:00,ArdhioRa,"Day #1 : 14/03/2022

Gara-gara kesel hari minggu cuman rebahan gegara overtinking mikirin pr, akhirnya nyambuk diri buat mulai belajar python dari awal lagi setelah terbengkalai berbulan-bulan.

Dapet 1 chapter dari course Data Types : List &amp; Tuple"
22,2022-03-09 16:47:18+00:00,virtualservers,"What I did so far:
1. Subscribe kelas Udemy untuk semua topik diatas - Done. Tapi ga berguna karena total butuh 250 hours buat complete semua course.
2. Bongkar rak buku buat cari buku Linux &amp; Python.
3. Beli buku Data Mining, Data Warehouse, Docker, Web Node.Js, gosend instant."
23,2022-03-09 16:15:52+00:00,aizendue,"""maaf bru balas abis boker""

""keknya mencret sih""

""Bosan ga sih sama aku?""

""How to make nanami to be my husband?""

""yaudah kalo ga dapat nanami, Gong Yoo jadi suamiku. Bisa pasti masa ga""

""You supposed known python, don't you? Of course you know well your python in your pan-"" https://t.co/1D4Fg42XAq"
24,2022-03-07 08:29:24+00:00,progateID,@kambce @collegemenfess hai hai Minken numpang nimbrung~ course python ada lho di Progate hehe
25,2022-03-06 07:45:38+00:00,barrysianturi,"4. BELAJAR PROGRAMMING

Usul gue, pilih language antara Python atau R. Belajar programmingnya dulu kalo belom pernah pegang sama sekali. Course (https://t.co/njXrbGcl4y) dan bukunya banyak, salah dua yg sering dipake bukunya Althoff sama Mark Lutz. https://t.co/eUJLoxiUSj"
26,2022-02-28 08:28:41+00:00,zikhrul,"Jadi, karena course gratisan gue abis, akhirnya gue bikin game ping pong simple pake Python dan sekarang gue lagi belajar buat ambil data dari internet(simplenya gini sih yang gue tangkep) atau biasa dibilang scraping data."
27,2022-02-27 16:24:20+00:00,dandelionwndr,"Dulu follow-followin akun yang berbau dunia informatika, dan nontonin yt juga wkwk. Ada free course lewat timeline, ternyata dari Progate selama 1 atau 2 bulan gt wkwk (rejeki bgt bisa pas gt timingnya). Sempet ku foto juga kuponnya wkwk. Langsung gas deh belajar Python https://t.co/Qzqvysusdp"
28,2022-02-26 11:24:01+00:00,disc_ter,Pertama saya mengenal @progateID  yaitu ketika saya ingin memulai belajar bahasa pemrograman python. Disini saya mendapatkan info dari teman saya bahwa @progateID mengadakan mini course gratis dan ada kelas pemrograman python didalamnya.
29,2022-02-25 10:40:41+00:00,dontbeasphinx,"@httpsvna Bener bgt euy ini course python sama golang ga kesentuh :"")"
30,2022-02-24 17:45:20+00:00,miniematrix,"Besok acaraku mau lanjutin course sql, klo udh sampe intermediate lanjut introduction python 🥰"
31,2022-02-23 16:03:41+00:00,Mangoozey,@smartclasstz Mimi nilitaka kuelewa km naweza kupata course ya R ama python kwa data analysis. Be it physically or online. Kindly respond
32,2022-02-22 15:21:11+00:00,ravapurnomo,"nemu video yg berasa kek ngobrol di kanal YTnya mas @Bimantara_H_P ,dan lumayan ngasi insight di saat lagi stuck tugas magang disuruh resample, scaling, pca vs non pca comparison.
pdhl baru kelar beresin course python basics doang :') MLnya mah masi cetek

btw, salam kenal mas!"
33,2022-02-22 14:33:56+00:00,Ester_Nad,"me yg selama ini cuma bisa pake R tanpa ada looping2 : 👁👄👁

coursera python crash course: https://t.co/Q2HQwyNzNw"
34,2022-02-22 11:34:48+00:00,Anita38225356,"@UGM_FESS Coba ikut matkul transdig aja nder, dimodul pembelajarannya ada belajar tentang python dan kalo kesulitan bisa tanya asisten dosennya. Atau kalo mau yg flexibel bisa coba course online di DQlab, ini berbayar tp murah kok bayarnya"
35,2022-02-19 16:23:27+00:00,rebahan_teros1,"Tai banget yakk, otak muter mulu daah. Gue mau tidurr bukan mau nonton course python…."
36,2022-02-19 05:53:54+00:00,aetherain,Ngeliat ada yang buka course excel for data analytics tp kalo mau jd data analyst toh syaratnya python jg lah buat apee
37,2022-02-19 05:03:50+00:00,miyongmeong,"@codingfess Tidak mencatat! 😋 Ehhhh tapi tergantung sih, kalau kodingan biasanya tidak mencatat, tetapi terkadang diimplementasikan saja lalu disimpan filenya. Kalau Python pakai Jupyter Notebook tuh. Kalau dari buku/course, dicatat di Notion, tapi hanya untuk materi teoritis."
38,2022-02-17 12:45:44+00:00,fatimazahiid,Sir python ka course kesay parha saktay hein jab unhein khud hi kuch nahi ata
39,2022-02-15 03:12:22+00:00,izzako_,"@akuanaghbaik @hrdbacot aku ikut coursera sih nder, tapi mungkin ada web course lain yang bisa dipake jg. untuk data analyst gitu selain yg di kuliah, bisa belajar SQL, excel, python/R, sama tools data viz kaya tableau atau powerBI. buat latihannya bisa bikin personal project pakai data kaggle gitu"
40,2022-02-10 20:27:11+00:00,AsheryDuma,"𝐒𝐡𝐨𝐫𝐭 𝐒𝐤𝐢𝐥𝐥 𝐁𝐚𝐬𝐞𝐝 𝐂𝐨𝐮𝐫𝐬𝐞𝐬 sio program mpya hapa @smartclasstz kwani mwaka jana tulipata ifanyia majaribio na wanafunzi zaidi ya 1,300+ waliweza kujifunza course za muda mfupi kama Python, R programming, Advanced Excel, Graphics Design.... https://t.co/vDaERXMhxP"
41,2022-02-07 08:53:51+00:00,karirfess,"Kr! pengen banting setir jadi data scientist, tapi mau mulai sbg project sampingan/freelance dulu gitu tanpa resign kerjaan yg sekarang. Tapi bingung mau mulai dari mana, udah ikut bbrp course ttg materi2nya, skill sql sama python masih dasar and still continue learning. (cont)"
42,2022-02-06 14:32:58+00:00,hari_kun,"@studiospts ngak harus, ini aku scraping modal course udemy data scraping rwid doang. ngak pernah nyengol python sebelumnya."
43,2022-02-04 12:56:05+00:00,wittersaiya,"H-10 ""Belajar Python"" karena seluruh peserta bangkit dianggap sudah mengerti dasar-dasar python, begitupun course yang telah disiapkan

https://t.co/zOUZ1qnjaD"
44,2022-02-03 07:18:10+00:00,gavrillamahdi,"@itbfess Kalo belum punya arah mau belajar python buat apa mending dari yt dulu sih menurutku, kalo udah ada tujuan ambil course gpp"
45,2022-01-30 15:41:36+00:00,To_gethr,"Of course pilihan satu, 

Data Analyst atau Python Developer 5 tahun kedepan pekerjaan sexy nder. 

Bukan diskreditkan temen-temen CS. 
CS lambat laun tergeser sama AI / mesin BOT. Jadi kalau pilih karir dan benefit. Pilihan pertama https://t.co/M3nuk4AbNo"
46,2022-01-30 01:26:36+00:00,veelametrine,"@worksfess Kalau kamu udah punya basic mtk, it’s a good start. Soalnya data analyst/scientist emang hrs kuat di bagian mathnya. Kamu tinggal pelajarin bagian programmingnya. Mostly harus bisa R/python. Dan harus bisa DB, at least ngerti syntax SQL. Buat ini udah banyak free online course"
47,2022-01-19 11:41:29+00:00,dendengaddict,"@alter18base python, java ato kotlin, belajarnya cari aja kaya course atau hackerrank"
48,2022-01-19 10:59:57+00:00,enigmacamp,"ViCa Enigma Camp is BACK!

Hai Enigmanians,

EnigmaCamp kini hadir kembali dengan
program terbaru ViCa untuk bulan Januari - Februari 2022
mendatang dengan 4 tema course sebagai
berikut :

1. Membangun Machine Learning dasar
menggunakan Python https://t.co/CfltGMMpTh"
49,2022-01-19 08:58:43+00:00,fortunedopiri,"Ikut course dqlab/udemy/datacamp/Coursera nderr, bljr basis data dulu di SQL, analisa datanya bljr programming pake R atau Python, kalo visualisasi datanya bljr powerBI/Tableau/google data studio. Ilmu analisa datanya : Statistika 🤗 https://t.co/e98Z6QJLWe"
50,2022-01-19 02:07:54+00:00,avioradli,"@koestandriyanto Beda2 per course. Aku ada yg python sama Matlab semester ini, plus nulis semua hal harus pakai Latex"
51,2022-01-14 01:19:09+00:00,yngvarrepic,@dwieka_ken Aku juga lagi banyak beli course disitu belajar python sm sql 🥲
52,2022-01-12 10:14:55+00:00,enigmacamp,"ViCa Enigma Camp is BACK!

Hai Enigmanians,

EnigmaCamp kini hadir kembali dengan
program terbaru ViCa untuk bulan Januari - Februari 2022
mendatang dengan 4 tema course sebagai
berikut :

1. Membangun Machine Learning dasar
menggunakan Python https://t.co/XOxNRNmCo6"
53,2022-01-11 08:02:44+00:00,bukanpiyikk,"Target satu semester kedepan ikut beberapa course data analyst sama python, ayo kita liat berapa banyak sertifikasi yg didapet"
54,2022-01-06 16:24:40+00:00,afghannurrezqy_,"Day 6/365
Rate: 9/10
Feel : good
Hari ini lumayan tertata kehidupanya, semenjak set alarm di pagi hari mau to do list ngapain aja. Seperti 2x course python, stretching badan, kirim surat rekomendasi, semoga gak kelamaan di acc nya, terus ibadah alhamdulillah sedikit lebih rajin😉"
55,2022-01-06 01:21:55+00:00,Davidsatriaaaa,"@nmonarizqa Saya tertarik dengan dunia data, tp saya hanya pernah mendapat ilmu statistik selama perkuliahan karna mengambil jurusan Teknik Industri

Untuk course R &amp; python nya itu free kah kak? Saya jujur lumayan bingung harus mulai belajar darimana"
56,2022-01-05 23:53:30+00:00,budigidaww,@codingfess Coba cari course python di udemy yg zero to mastery nder
57,2022-01-05 22:13:41+00:00,codingfess,"course python yang lengkapp dmana ya code; 
free or paid nggakk masalah"
58,2022-01-05 13:17:24+00:00,afghannurrezqy_,"Day 5/365
Rate : 9/10
Feel : Motivate life
Hari ini cukup bersemangat walaupun ada beberapa pikiran yang mengganggu,cuma ya udahlah nanti mencoba diselesaikan.Hari ini 2 course Python dilalui + latihan juga buat program hitungan sederhana,semoga besok lebih produktif lagi
Peace😉"
59,2022-01-05 08:19:27+00:00,nita_ohnit,"As i really love doing data analysis and all.
Tahun nie amek course python.
Dah ada basic sikit2 python nie dulu buat QA automation guna python script.
Buat ig bot pun pakai python script sampai phone aku kena block dari login ig terpaksa beli phone baru sebab xnak format phone"
60,2022-01-04 21:44:03+00:00,ranuwijayaagung,"@m_fauzi_id @hrdbacot Urang tibaheula hayang belajar programming, change career diumur yang tak lagi muda apakah memungkinkan masgan? Pas pisan ti kantor aya course gratis belajar programming python, walopun teu nyambung jeung gawean 🤣"
61,2022-01-03 11:05:04+00:00,enigmacamp,"ViCa Enigma Camp is BACK!

Hai Enigmanians,

EnigmaCamp kini hadir kembali dengan
program terbaru ViCa untuk bulan Januari 2022
mendatang dengan 4 tema course dan 3 paket komplit Python sebagai
berikut :

1. Mengenal EDA Python dengan menggunakan
Data Transaksi Perbankan https://t.co/VOF70cMSdY"
62,2022-01-03 04:31:13+00:00,RaeTahir,"Haritu member tanya mcm mana nak run python script. Harini member lain Tanya mcm mana nak run GO dgn KEGG. Ada nampak RA position yg minta programming skills as well.

Rasanya course biology dah kena ajar programming. Chemistry course pun dah ajar programming. What's stopping us?"
63,2022-01-02 10:07:38+00:00,jy_nist,Ada ga sih course python atau sql bersertifikat yg murce dan terpercaya😅
64,2022-01-01 16:42:27+00:00,codingfess,"Code; dikampus pake r programming untuk data science, data Analyst dan data visualization, skill R udah intermediate. Sekarang lgi pengen nambah ilmu tentang data science pake python, mumpung udemy lg diskon, recommended course yang bagus mana ya? Atau ada course yang (cont) https://t.co/fwet0ToPuN"
65,2022-01-01 15:43:35+00:00,mtshabr,"@qorryna tutorial python for beginners? Atau step 0 sebelon ngoding: instalasi python dan librarynya, lalu cari course ngodingnya kl dah berhazil"
