,Date,User,Tweet
0,2022-03-10 08:49:38+00:00,alyastruggle,gw kenal salah satu temen cewe gw yg sedari dulu ambis bgt. cita2nya jadi ui/ux designer. dia dulu les utbk di 4 apa 5 tempat terus ended up di f4s1lk*m UI dan gw seseneng itu sih pas dia lolos.. she deserves anything in this world alias cewek keren bgt 👌
1,2022-01-27 10:03:53+00:00,septgurvg,ada les buat belajar UI/UX ga ya
2,2022-01-23 13:23:35+00:00,fitririzkin,Mau ambil course ui/ux eh jadwalnya bentrok mulu ama les korea🥲🥲 padahal target ku 2022 harus nambah 1 skill
3,2022-01-21 03:24:58+00:00,tiwnkerbeii,ingetin gua buat les ui/ux abis ini yamfun pushenk
4,2022-01-19 17:08:52+00:00,himeyyy_,"Taun kemaren ikut les sna sama software engineer, ngebantu bgt. Sekarang pengen ambil frontend dev ama ui/ux design. Tpi sanggup ga ya:( banyak bgt ilmu yg pengen dipelajarin huhuhu"
5,2022-01-18 16:26:22+00:00,gnwn_d,Apa hubungannya high risk high return dgn baru bisa nyalain komputer trs les ui ux. Perumpamaan aja sih. Kamu bisa mulai dari yang low risk low return. Misal Fiat Currency (emas). Jangan terpacu dengan high risk high return trs langsung mau masuk ke saham kalo blm ada ilmunya.
