,Date,User,Tweet
0,2022-04-16 07:13:20+00:00,ittkia_,"@worksfess Kak aku mau coba boleh? Mau dm juga ya kak please, aku ada background python sm sql mau coba kursus suka maju mundur, mau minta saran2nya"
1,2022-04-16 05:03:57+00:00,ntbadanymore,@worksfess Aku engineer di subcon yg menjalankan projects migas di Papua. Sekarang lagi ngembangin skill berbagai bahasa dan ikut kursus untuk jadi data science. Mungkin sender bisa merekomendasikan channel yang seru untuk di ikuti untuk belajar SQL dan Phyton. Terimakasih
2,2022-04-06 03:18:30+00:00,FSyah1111,"@worksfess Contoh, ambil kursus terpisah ttg Excel/Spreadsheet, tentang SQL, tantang Tableau / other biz dan tentu saja tentang R/Python kalau mau ganti language. Terus practice nya kurang. Tp sertifikatnya bonafid ni Google.
Saran abis tu ambil aja di Datacamp. Yg khusus DA pake R/Python."
3,2022-04-04 09:15:47+00:00,WebHozz,"Kursus SQL Server bersama mba Tasya dan mas Zaky di WebHozz Pos Pengumben

Hubungi Kami
WebHozz Pos Pengumben : WA/Call 0812 9597 7875
WebHozz Kalimalang : WA/Call 0812 8458 5378
WebHozz Bandung : WA/Call 0822 1672 1780

Website : https://t.co/cLLU4fO4G1 https://t.co/NboZptDwUM"
4,2022-03-25 12:17:50+00:00,WebHozz,"Kursus SQL Server dan Web Programming bersama Tim IT PT Aqua Golden Mississippi Mekarsari

Hubungi Kami
WebHozz Pos Pengumben : WA/Call 0812 9597 7875
WebHozz Kalimalang : WA/Call 0812 8458 5378
WebHozz Bandung : WA/Call 0822 1672 1780

Website : https://t.co/cLLU4fO4G1 https://t.co/UAzHZFPLp2"
5,2022-02-23 11:28:27+00:00,iamnotprfctprsn,Saya telah mendapatkan sertifikat dari Progate karena menyelesaikan Kursus SQL! https://t.co/T9nJ6iFPBH #Progate
6,2022-01-19 09:16:42+00:00,effulgencz,"@collegemenfess Ngga cuma Excel nder, kalo udah masuk data analyst biasanya lebih rumit lagi, pake SQL gtu""an klo gk salah, coba ikut kursus gratis aja dulu"
7,2022-01-06 17:37:49+00:00,FSyah1111,"@karirfess Karena pengen jd analis skrg lagi belajar
- Spreedsheet: Excel advanced: Dax &amp; power query
- Basic R sama Python buat analis
- SQL
- BI tools: Power BI sama Tableau.

Lagi ambil kursus onlen termasuk bkin project assignment ma sertifikasi.
Mungkin saran buat roadmapnya.
Thanks."
