,Date,User,Tweet
0,2022-04-04 10:51:18+00:00,uphei,"@rayzapratama @hrdbacot Background acc, kerja di konsultan jadi bagian implementasi, otomatis belajar merangkap tech support juga. Kalo mau switch bisa coba kursus intensif plus bikin porto yang relevan sama background nya. Semacam ui ux app accounting."
1,2022-04-01 08:05:00+00:00,worksfess,Work! Ada gak yg bukan jurusan IT/komputer/DKV gt tapi skrg kerjanya di bidang ui/ux atau desain grafis? Belajar dan ikut kursus dmn ya?
2,2022-03-28 03:01:07+00:00,digital_skola,"Digital Skola? Siapatuh? Ituloh startup edukasi non-formal yang nyediain kursus digital skills secara daring. 

Kursus apaan aja? Mulai dari digital marketing, data science, data engineer, UI/UX Design, fullstack web developer, dan masih banyak lagi!"
3,2022-03-21 12:08:31+00:00,araskakma,"Nama: Binar Academy

Produk: Kursus UI/UX, Web Development, Product Management, etc

Keyword Iklan: Binar, menghasilkan uang dari rumah, rebahan

Yang dipikirin orang-orang: Binary option, trading, Indra Kenz, Doni Salmanan, siap-siap ketangkep..... 😬 https://t.co/gdo3EB5Hkm"
4,2022-03-20 02:40:08+00:00,piwwraa,aku ngerjain kursus ui/ux susah bener woi😭😭😭😭😭😭😭😭😭
5,2022-03-02 19:08:41+00:00,icarusfalls76,@masnopan @Galuhakhdandika Iyaa kursus tp ada alurnya musti belajar tahap awal mana dulu gitu2 mass saya saranin untuk ui&amp;ux designer buildwith angga itu top bgt coursesnya dicoba ajaa!1!1!
6,2022-02-06 09:37:26+00:00,jeongpretty_,Bljr ui/ux design atau ikut kursusnya gitu tpi blm sempet dan blm ada duitnya kalo mau kursus😭 https://t.co/e34VToZoFc
7,2022-01-21 15:31:16+00:00,BrandZe1,"@worksfess Engga kok, saran aja ui/ux banyakin bikin Porto. IMO tapi kalo liat rekan kerja yang ui/ux mereka juga jago disain grafis/ilistrator gitu-gitu. Kalo kursus tu lebih ke diajarin pake tools nya ngga sih. Nah kalo jiwa/skill seni-nya keknya kamu harus latih sendiri."
8,2022-01-21 15:26:10+00:00,sedikit_arab,"@worksfess ui/ux itu ya harus ada ""taste"" sendiri nder, kamu suka design atau cuma coba2? sebelum terjun ke kursus, coba belajar otodidak, kamu nyaman ga sama yang berbau design dan seni"
9,2022-01-19 13:34:43+00:00,hirediox,"@daisaely kursus jangka pendek (mostly bayar tp kadang ada jg yg gratis), nanti kamu belajar sesuatu yg berkaitan sama bidang IT kayak UI/UX, web development, dll. &lt;(￣︶￣)↗"
10,2022-01-18 15:33:07+00:00,gnwn_d,"Ohya kalo kamu masih tahap baru bisa nyalain komputer, jangan langsung ambil kursus UI UX. Itu bunuh diri. Gak ada yg instan. Bertahap dulu. Belajar nyalain komputer. Belajar pakai mouse. Belajar connect wifi. Belajar ngetik. Belajar search engine. Dsb. Lama? Kalo tekun cepet."
11,2022-01-15 11:07:39+00:00,yourunholyy,"@medeiapolli @LiaesTeh @latifaskaa Kalo untuk UI/UX biasanya kuliah desain, tapi yg bukan jurusan desain juga bisa kok belajar dari awal kalo ikut bootcamp ataupun ikut kursus UI/UX"
12,2022-01-01 04:50:18+00:00,worksfess,Work! Disini ada kursus atau pelatihan khusus interview ga ya? Terutama interview ui/ux soalnya aku dah berkali2 gagal di interview 🥺 atau mungkin punya thread atau ju4l pdf
