,Date,User,Tweet
0,2022-03-20 06:10:24+00:00,tech_TD_,"@LNo620 @rmxptfl @Esonyx Ptn

Les emojis d'Android 11/12&gt;&gt;&gt;&gt;&gt;"
1,2022-02-25 11:49:30+00:00,seralunar,"@LoeveIy IH TP LUNA PAKE IPHONE. Mamahku pake android, downloadnya di Google play store. :( Iyaaa mamahku bikin segala gala. Dulunya les juga!!"
2,2022-02-20 16:42:03+00:00,DroidTrackr_fr,"LesMobiles : Les 4 smartphones incontournables de 2022 : Samsung Galaxy S22, Xiaomi 12, Huawei P50 Pro et Samsung Galaxy S21 FE 5G #Android https://t.co/nm4n9sjBLk"
3,2022-02-15 01:14:18+00:00,BolaSportcom,"PSG vs Real Madrid - Si Putih Digdaya atas Tim dari Prancis, Les Parisiens Tak Berdaya Lawan Klub Spanyol https://t.co/iUoScdd0RP aplikasi https://t.co/UDhPMIoOhy untuk akses berita lebih mudah dan cepat:Android: https://t.co/TopzZFPAvh"
4,2022-02-15 01:14:15+00:00,tribunSUPERBALL,"PSG vs Real Madrid - Si Putih Digdaya atas Tim dari Prancis, Les Parisiens Tak Berdaya Lawan Klub Spanyol https://t.co/nhk7y1zAYP aplikasi https://t.co/gYgHwn51w8 untuk akses berita lebih mudah dan cepat:Android: https://t.co/Su2X8enRE6"
5,2022-02-15 01:14:08+00:00,bolasportdotcom,"PSG vs Real Madrid - Si Putih Digdaya atas Tim dari Prancis, Les Parisiens Tak Berdaya Lawan Klub Spanyol https://t.co/hHVL08Td6J

Download aplikasi https://t.co/xLdBMogMuv untuk akses berita lebih mudah dan cepat:
Android: https://t.co/QvBcUt1IYw"
6,2022-02-13 06:19:35+00:00,G_mboto,@les_specta @ShankiAustine Sasa android TV ndio nini
7,2022-02-05 17:32:08+00:00,les_wwkwk,@luculucuaaan masih nongkrong diperempatan sambil gitaran. ditaun 2017 android belum seramai sekarang
8,2022-01-04 04:19:09+00:00,WideKato,"@DraftAnakUnpad klo di jatinangor ada lembaga les bhs inggris yg nyediain les TOEFL online, NeoSpectra. Ntar tes nya pake apk android. Biayanya 50K. Tapi tergantung prodinya nder, karena di prodi gue harus dari lembaga pendidikan kaya FIB Unpad/ITB/UPI dsb. Kemarin udh bayar padhaal, tpi ga jadi"
9,2022-01-03 16:18:09+00:00,_hamza_002,"@miwkluvinpanda Kun kan 3ndk an android, At9dri tchufi les msgs wakha mmsu7in"
