,Date,User,Tweet
0,2022-04-14 03:57:12+00:00,oceanmoonskies,@koalakimtae iya kampret bgt 2 minggu berturut2 pelatihan python sama machine learning 🥲🥲
1,2022-04-12 23:17:24+00:00,agusk2010,"Pelatihan Data Science dan Machine Learning Dengan Python #Udemy #UdemyIndonesia #DataScience #MachineLearning 
https://t.co/rwHJaVJ3qW"
2,2022-04-11 05:25:39+00:00,Dilatihdotco,"Pada pelatihan ini, Anda akan dituntun untuk membuat projek Machine Learning dengan Python, dimulai dari menentukan data dan tujuan pengolahan, data understanding, data cleaning, exploratory data analysis, hingga proses pemodelan Machine Learning dan interpretasi bisnisnya."
3,2022-04-09 14:02:49+00:00,moonphasey,@szniffle gua sok kepinteran ambil pelatihan buat python padahal gua php sama java aja masih meraba
4,2022-04-07 06:42:13+00:00,ashnuu,"Udah pelatihan cisco python jalan 2bulan, kok kagak ada yang bahas begini, padahal kan keren gini.. https://t.co/LHYpZz7cUa"
5,2022-04-06 11:02:40+00:00,ASMATUNDIP,"Pelatihan Internal kali ini mengangkat tema ""Glow Up Your Skill with Python"". Pelatihan ini diselenggarakan oleh Asosiasi Matematika Terapan selaku salah satu biro di Departemen Matematika."
6,2022-04-05 15:01:58+00:00,byhanagao,"@a9ajelek @worksfess Aku dulu ikut pelatihan Python sama Game Design dari Digital Talent Scholarshipnya Kominfo (cek IGnya aja). Macem2 pelatihannya ga cuma programming, tapi lingkup IT, dan tiap buka gelombang bakal beda pelatihan. Kayaknya baru buka lagi bulan ini."
7,2022-04-03 05:21:31+00:00,dairxy,"@collegemenfess trus coba ikut pelatihan aja. taun kemaren dikti buka pelatihan data science. tapi dasarnya harus bisa python sama statistika. ni anak mtk juga diajarin kok, jadi bisa aja masuk kalo emg ngambil peminatan terapan. coba aja nnt cek siapa tau ada pelatihan lagi dari dikti"
8,2022-03-07 02:15:31+00:00,ciput_chan,"Padahal dulu waktu pengumuman libur 2 minggu pas pelatihan python, terus haha hihi sama bu win gegara libur

Eh keterusan sampe wisuda :"" https://t.co/yINwlfpkyQ"
9,2022-02-27 03:55:11+00:00,Dihajjaraja,"Masih bingungg mau pilih pelatihan digitalent yg manaaa.. antara data scientist, data engineer atau python hmmm"
10,2022-02-16 02:28:17+00:00,DTS_kominfo,"Yuk, kembangkan kemampuan IT kamu menjadi seorang Professional, melalui pelatihan PROA X Cisco dengan 4 tema pelatihan yang menarik, yaitu:

1.Cyber Operations
2.CCNA Network Engineer
3.Python
4.DevNet https://t.co/7sKIDuyNEx"
11,2022-02-04 10:35:35+00:00,collegemenfess,"[cm] minta saran dong gais, mending ikutan pelatihan python atau data analyst ya soalnya aku mau ngambil instrumentasi fisika. TIA🥰"
12,2022-01-28 03:13:21+00:00,worksfess,Work! need help yang bisa python bisa aku ketuk dmnya gak? karena lg ikut pelatihan data analis. thanks ya
13,2022-01-19 09:46:38+00:00,seblakcyekerr,tugas pelatihan gue bisa kelar sblm closing bsk sore ga yaaak huaaa😭😭 python aja gue masi kagok ni lagi sql
