,Date,User,Tweet
0,2022-04-19 23:05:28+00:00,CoolGray_,"@_SkUmer Masan jaan chudai ay shah g🙏🏻🌚

Cheez mazay ki hai agar AWS AZURE ya google cloud may karo to"
1,2022-04-19 17:20:28+00:00,AWSBlogUnreal,"The AWS Big Data Blog #AWSBigData
https://t.co/W5qHIAdUDa
By: Dipankar Kushari and Harshida Patel"
2,2022-04-19 17:20:26+00:00,AWSBlogUnreal,"The AWS Big Data Blog #AWSBigData
https://t.co/BbtrnpLW0s
By: Rahul Chaturvedi*, Kishore Arora*, BP Yau and Srikanth Sopirala"
3,2022-04-19 16:04:09+00:00,MarlianaShela,AWS Rilis Layanan Amazon IVS Pops di Jakarta dan Manila https://t.co/a8H59JUopJ
4,2022-04-19 15:32:29+00:00,opsiin,AWS Rilis Layanan Amazon IVS Pops di Jakarta dan Manila – Suara- Opsi Informasi- https://t.co/DXKie9LCUG https://t.co/eQSH3mC4nM
5,2022-04-19 14:02:19+00:00,FluxIndonesia,"""Amazon AWS, Microsoft Azure, dan Google Cloud menguasai 61% pasar layanan infrastruktur cloud global, menyiratkan bahwa ketiga raksasa ini menentukan nasib lebih dari 1/2 bisnis dan perusahaan yang berjalan di cloud.""- Pikirkan tentang itu #Flux $Flux #Web3 https://t.co/NLK1FIFjjt"
6,2022-04-19 13:02:06+00:00,id_shiftacademy,"3. Tableau Server🔗

Tableau ini umum digunakan oleh perusahaan karena dapat membagikan laporan, dashboard, dan berbagai sumber data pada semua karyawan. 

Server dapat dihosting di perusahaan atau dapat melalui Amazon Web Services (AWS)."
7,2022-04-19 10:40:02+00:00,KATADATAcoid,"Amazon Web Services (AWS) resmi menghadirkan platform Amazon Interactive Video Service (Amazon IVS) Points of Presence atau PoPs di Jakarta dan Manila. Layanan ini membantu klien menggelar siaran langsung.

 https://t.co/BTu63CK1Qx"
8,2022-04-19 09:21:42+00:00,Antara_Kalteng,AWS resmi hadirkan Amazon IVS untuk bantu konsumen Jakarta dan Manila https://t.co/lWia7dFukz
9,2022-04-18 06:16:08+00:00,ProBitIndonesia,"✨Partners Penting
iCommunity memiliki mitra top level seperti: AWS AMAZON, Ardor, IMB, dan Telefónica

Tujuan iCommunity Labs adalah “transformasi digital melalui teknologi blockchain”."
10,2022-04-18 06:00:32+00:00,dailysocial,"Melalui program AWS Activate Founders, menumbuhkan skala bisnis startup kian mudah dilakukan berkat dukungan yang paling komprehensif. #Cloud https://t.co/nkEMuGLYGM"
11,2022-04-17 13:52:41+00:00,1417ian,"@onnowpurbo Pak onno, utk belajar cyber security perlu belajar networking atau malah cloud infra spt aws?"
12,2022-04-17 13:01:47+00:00,dailysocial,"Melalui program AWS Activate Founders, menumbuhkan skala bisnis startup kian mudah dilakukan berkat dukungan yang paling komprehensif. #Cloud #AWS https://t.co/nkEMuGLYGM"
13,2022-04-16 12:30:38+00:00,Techpressionews,"Amazon Set to Launch AWS Local Zone Cloud Infrastructure in Kenya https://t.co/4mmvQJOcYM 

via @Techpressionews || by Olanrewaju Okunola 

@amazon 

#Amazon #infrastructure #tech #africa"
14,2022-04-15 13:30:14+00:00,dailysocial,"Melalui program AWS Activate Founders, menumbuhkan skala bisnis startup kian mudah dilakukan berkat dukungan yang paling komprehensif #Cloud https://t.co/nkEMuGLYGM"
15,2022-04-15 04:00:31+00:00,fransallen,"Ada yang tahu cloud provider lokal yang recommended yang mendukung IPv6 + data center di Jakarta?

Rencananya PureDNS akan di-deploy di AWS, Google Cloud, dan salah satu cloud provider lokal yang memiliki konektivitas internet bagus.

Feel free untuh saranin di bawah ya guys :) https://t.co/aWVbLHuf5P"
16,2022-04-14 09:14:27+00:00,YoungOnTop,"[Bingung Gimana Cara Pakai Cloud Server? Ini Solusinya!]

Webinar AWS #StartupUntukNegeri hadir kembali nih dengan topik ""AWS Activate Program Untuk Startup Indonesia"".

Yuk, daftar sekarang!
📆Selasa, 19 April 2022
⏰19.00 WIB
https://t.co/1jPC3VZXrd (GRATIS) https://t.co/x9QHNuxlNO"
17,2022-04-14 07:48:48+00:00,hapidzf21,Bangun saluran data untuk secara otomatis menemukan dan menutupi data PII dengan AWS Glue DataBrew https://t.co/XebZOBDzX8
18,2022-04-13 21:39:32+00:00,hapidzf21,Praktik terbaik untuk mengoptimalkan kinerja akses data dari Amazon EMR dan AWS Glue ke Amazon S3 https://t.co/JbR5dJwfye
19,2022-04-13 17:56:50+00:00,fchw33,"@MirvanNovanto @xfmx_12 Cuma case unik beberapa kali AWS dan Apple gamau bantu dekripsi data ke FBI dan CIA buat bongkar data ""teroris"""
20,2022-04-13 17:42:22+00:00,fchw33,"@xfmx_12 @MirvanNovanto Sekarang mah mending alokasiin budget buat minta tolong sama vendor kek Amazon aja, toh juga udah ada data center di Cikarang.
&gt; Kerja sama dengan AWS
&gt; Minta tolong AWS buat training tim IT pamerintah aja 😬"
21,2022-04-13 16:16:26+00:00,zuhhdi,"coba main2 pak ke AWS, Azure dkk
tinggal bayar service kalo upscale, gaperlu anggaran upgrade hardware tiap periodik 👀 https://t.co/BcejkKWtal"
22,2022-04-13 12:39:02+00:00,BrandZe1,@nuicemedia Kalo pakai cloud kek GCP/AWS gimana ?. Kan ngga ribet pengadaan barang dll. Tinggal bayar bill kalo mau nambah kapasitas ?
23,2022-04-13 11:49:01+00:00,MamangSanic,"@samartemaram Kudu mendukung industri cloud dn, bisa meniru aws govcloud."
24,2022-04-13 10:59:52+00:00,arjunaskykok,"Selain itu bisa saja Anda lupa memelihara aplikasi web Anda dan akhirnya aplikasi web Anda tutup.

Tapi jika aplikasi ini hidup di blockchain, maka orang bisa menampung (mirroring) data harga barang dengan gampang.

Data di blockchain ""lebih panjang umurnya"" daripada di EC2 (AWS)"
25,2022-04-13 10:01:09+00:00,dailysocial,"Melalui program AWS Activate Founders, menumbuhkan skala bisnis startup kian mudah dilakukan berkat dukungan yang paling komprehensif. #Cloud https://t.co/nkEMuGLYGM"
26,2022-04-12 21:45:26+00:00,AWSBlogUnreal,"The AWS Big Data Blog #AWSBigData
https://t.co/7b5s3aZJyf
By: BP Yau, Tahir Aziz*, Shawn Sachdev and Srikanth Sopirala"
27,2022-04-12 18:13:45+00:00,hapidzf21,Percepat migrasi Snowflake ke Amazon Redshift menggunakan Alat Konversi Skema AWS https://t.co/0peOfLDvsc
28,2022-04-12 10:30:10+00:00,dailysocial,"Melalui program AWS Activate Founders, menumbuhkan skala bisnis startup kian mudah dilakukan berkat dukungan yang paling komprehensif. #AWS #Cloud https://t.co/nkEMuGLYGM"
29,2022-04-12 09:20:06+00:00,sevima_official,Kolaborasi SEVIMA dan AWS Hadirkan Kursus Online Cloud Computing Dasar Gratis! https://t.co/UlOOek7P1o https://t.co/XQYLorNpYM
30,2022-04-11 19:28:21+00:00,hapidzf21,Manajemen Data di Cloud Memanfaatkan AWS https://t.co/XFupc8mka6
31,2022-04-11 16:47:23+00:00,FluxIndonesia,"$FLUX akan hadir dalam acara  Web 3.0 Edge Innovation Series. CTO dinner yang di khususkan terbatas untuk 28 Teknologi Web 3.0

https://t.co/3e1XVHs9KO

Tidak kalah menarik adalah keikutsertaan #Amazon #AWS di acara ini.

Ikuti berita blockchain #Flux #CloudComputing @RunOnFlux https://t.co/xO7C080DKD"
32,2022-04-11 01:30:57+00:00,hapidzf21,Di Luar Penyimpanan: AWS &amp; Layanan Cloud Cerdas https://t.co/8ePTFEiQwb
33,2022-04-10 13:01:50+00:00,FluxIndonesia,"$FLUX dan #AWS 

Membuka wawasan bagaimana #Web3 berpengaruh langsung terhadap layanan market cloud Amazon 

Thread : https://t.co/YgvPuVa1Dr"
34,2022-04-09 18:18:39+00:00,Fakhrikurniawan,"Databricks ini ga punya infra, karena infranya nempel di cloud provider lain (AWS, GCP, Azure)

Menurut gw ini salah satu kelebihan utama mereka karena developernya ga perlu pusing2 mikirin infra. Mereka tinggal fokus di pengembangan produk yg mana hasilnya emang terbukti wow"
35,2022-04-09 10:05:45+00:00,teknogav,Sribuu dan Twibbonize Berbagi Pengalaman Manfaatkan Cloud untuk Bangun Startup -- #CloudComputing #startup #cloud #AWS https://t.co/B0ksI451Vz
36,2022-04-09 00:07:06+00:00,BeritakiniB,"Amazon, pembekal Internet anda yang seterusnya?  Web satelit mata gergasi teknologi - https://t.co/YHdDP4O5q6
Untuk membeli-belah dalam talian dengan Amazon, gunakan perkhidmatan awan AWS dan"
37,2022-04-08 06:19:04+00:00,Lip6Tekno,Orbit Future Academy dan AWS Luncurkan Program Pelatihan Cloud Computing https://t.co/mKyuMCBUic
38,2022-04-08 05:37:11+00:00,zkancs,Apache Kafka on AWS  (Amazon Managed Streaming for Apache Kafka / MSK) b... https://t.co/V01cFdhi0M via @YouTube
39,2022-04-07 15:20:26+00:00,AWSBlogUnreal,"The AWS Big Data Blog #AWSBigData
https://t.co/d10KTmcr3m
By: Milind Oke, Dipankar Kushari, Harshida Patel, Huiyuan Wang* and Debu Panda"
40,2022-04-07 12:00:56+00:00,KATADATAcoid,"AWS menggelar pelatihan digital kepada masyarakat Indonesia, minimal lulusan SMA. Anak usaha Amazon ini menggaet Orbit Academy, yang menghubungkan lulusan dengan pencari kerja.
 https://t.co/1ySeepBOCp"
41,2022-04-07 10:21:29+00:00,dauphinoir,Abis gue fully certified pengen belajar cloud deh. Either aws or azure.
42,2022-04-07 09:32:17+00:00,MSNindonesia,"Program AWS re/Start Beri Pelatihan Kerja ""Cloud Computing"", Gratis bagi Pengangguran dan ""Freelancer"" https://t.co/zwJt9qH1io"
43,2022-04-07 09:20:33+00:00,lowkerpr,Orbit Future Academy meluncurkan program pelatihan Cloud Computing “AWS re/Start” gratis di Indonesia untuk meningkatkan keterampilan individu di industri teknologi https://t.co/m3ew5jPqwO https://t.co/4ca5dDQCv8
44,2022-04-07 09:06:04+00:00,KompasEkonomi,"Program AWS re/Start Beri Pelatihan Kerja ""Cloud Computing"", Gratis bagi Pengangguran dan ""Freelancer"" https://t.co/IXIOXg1Do8"
45,2022-04-06 10:53:37+00:00,dheroefic,"Yaallah dah buat meeting plus ubek2 log &amp; datadog buat liat kenapa service nya down, ga tau nya aws nya mati lampu 🥲"
46,2022-04-06 06:28:24+00:00,kr4snalogrodowq,@AWS_Gov @amazon @aws_cloud @blueorigin @SierraSpaceCo @OrbitalReef Team AXIOM!
47,2022-04-06 03:33:53+00:00,Robycigar,pindah dari aws ke google cloud biar gk sakit mata
48,2022-04-05 20:11:59+00:00,bilenbilmez,@AWS_Gov @amazon @aws_cloud @blueorigin @SierraSpaceCo @OrbitalReef Yeni nesil Nuh'un gemisi🤔🥹
49,2022-04-04 21:00:47+00:00,Dputrisolo,"@hyang_wisnu @kemkominfo @jokowi Untuk pelaksanaan DLA 2022 ini, Menkominfo menjelaskan, @kemkominfo  akan bermitra dgn perusahan besar yaitu Amazon Web Service (AWS) serta National University Of Singapore untuk membahas tema ‘Driving Government Digital Transformation with One Data and Smart City’.
@PlateJohnny"
50,2022-04-04 16:19:16+00:00,hapidzf21,Memigrasikan Data Transaksional ke MongoDB di AWS dengan Platform Tata Kelola Data Zaloni Arena https://t.co/kcJwWi6gUa
51,2022-04-04 10:34:15+00:00,alexgufron,"@naningptr Bukan dek hehehe
Ini yg kelas Proa @DTS_kominfo 😁
Yg darimu cuma sebatas pengenalan cloud AWS hehehe"
52,2022-04-04 06:45:02+00:00,Cahaya_Dfa,"Resmikan DLA 2022, Menkominfo @PlateJohnny: Kepemimpinan Digital Kunci Keberhasilan Transformasi Digital

Untuk pelaksanaan DLA 2022 ini, @kemkominfo akan bermitra dengan perusahan besar yaitu Amazon Web Service (AWS) serta National University Of Singapore
https://t.co/yuUTZ8MULQ"
53,2022-04-03 19:35:27+00:00,Cah_Kalongan1,"Untuk pelaksanaan DLA 2022 ini, rencananya akan dilakukan dengan perusahaan besar yaitu Amazon Web Service (AWS) serta National University Of Singapore untuk membahas tema 'Driving Government Digital Transformation with One Data and Smart City'.
@kemkominfo @PlateJohnny https://t.co/ieVnushrZQ"
54,2022-04-03 15:00:37+00:00,infosec_jobsCOM,"HIRING: Senior Security Engineer / Chennai, Tamil Nadu, India https://t.co/tGcPxGQ3N0 #InfoSec #InfoSecJobs #Cybersecurity #security #jobsearch #techjobs #hiringnow #Chennai #TamilNadu #India #AWS #Azure #Cloud #Docker #Golang #Java #Linux #Node #Puppet #Python #Ruby #SIEM"
55,2022-04-03 14:45:05+00:00,hapidzf21,"Sertifikasi Cloud Terbaik – AWS, Google, Azure | berpandangan jamak https://t.co/Nk8MJnsAN8"
56,2022-04-03 10:25:10+00:00,jimieyoo,"Dalam pelaksanaan DLA 2022, @kemkominfo akan bermitra dg perusahan besar yaitu Amazon Web Service (AWS) serta National University Of Singapore untuk membahas tema ‘Driving Government Digital Transformation with One Data and Smart City’.
@PlateJohnny
https://t.co/CAVmUnm9YQ"
57,2022-04-03 09:42:50+00:00,ZonaHitamQ,"Menkominfo @PlateJohnny menjelaskan,pihaknya akan bermitra dengan perusahan besar yaitu AWS, National University Of Singapore untuk membahas tema 
‘Driving Government Digital Transformation with One Data and Smart City’.
@kemkominfo
https://t.co/tLaYgG69dc"
58,2022-04-03 06:49:49+00:00,Marbot_Udien,"Untuk pelaksanaan DLA 2022 ini, rencananya akan dilakukan dengan perusahaan besar yaitu Amazon Web Service (AWS) serta National University Of Singapore untuk membahas tema 'Driving Government Digital Transformation with One Data and Smart City'.
@kemkominfo @PlateJohnny https://t.co/g38W7nei79"
59,2022-04-03 04:44:13+00:00,Dialog16833416,"Menkominfo @PlateJohnny menjelaskan, pihaknya akan bermitra dengan perusahan besar yaitu AWS serta National University Of Singapore untuk membahas tema.
""Driving Government Digital Transformation with One Data and Smart City""
@kemkominfo
https://t.co/hvdZ222Ujn"
60,2022-04-03 03:12:03+00:00,InfoKomputer,Cara AWS Cloud dukung startup early stage untuk tumbuh cepat - https://t.co/cgSfTdLalK https://t.co/KDieabzPgH
61,2022-04-03 02:25:55+00:00,1ms1C,"@hyang_wisnu @kemkominfo @jokowi Kominfo bermitra dengan perusahan besar AWS serta National University Of Singapore untuk membahas tema ""Driving Government Digital Transformation with One Data and Smart City""."
62,2022-04-03 02:24:49+00:00,1ms1C,"Pelaksanaan DLA 2022 , Menkominfo @PlateJohnny dan pihaknya akan bermitra dengan perusahan besar AWS serta National University Of Singapore untuk membahas tema ""Driving Government Digital Transformation with One Data and Smart City"". 

@kemkominfo https://t.co/ksSvec7Gwn"
63,2022-04-03 02:08:32+00:00,1ms1C,"Pelaksanaan DLA 2022 , Menkominfo @PlateJohnny dan pihaknya akan bermitra dengan perusahan besar AWS serta National University Of Singapore untuk membahas tema ""Driving Government Digital Transformation with One Data and Smart City"". 

@kemkominfo
https://t.co/qeFyv2QcKX"
64,2022-04-03 01:43:29+00:00,Elbarak_,"Untuk pelaksanaan DLA 2022 ini, @kemkominfo rencananya akan dilakukan dg perusahaan besar yaitu Amazon Web Service (AWS) serta National University Of Singapore untuk membahas tema 'Driving Government Digital Transformation with One Data and Smart City'.
https://t.co/TXtCt3Eikb"
65,2022-04-02 21:17:21+00:00,hapidzf21,Data Theorem menawarkan pemberitahuan keamanan dalam AWS Security Hub untuk mencegah pelanggaran data https://t.co/sNQbVIl8Ys
66,2022-04-02 18:48:48+00:00,hapidzf21,Cara mengintegrasikan AWS IoT Core dengan Amazon MSK https://t.co/1M6QdIbbRQ
67,2022-04-02 02:52:48+00:00,hapidzf21,"Bangun silsilah data untuk data lake menggunakan AWS Glue, Amazon Neptune, dan Spline https://t.co/PCfFHLvwrz"
68,2022-04-02 01:56:59+00:00,iamgymie,"Berikut rekaman dari sesi sharing saya di AWS User Group Indonesia bersama @Albert_Suwandhi dimana kita membahas 
1. Intelligent Threat Detecetion dengan Amazon Guard Duty.
2. Deploy Aplikasi Web Wordpress ke dalam arsitektur Highl…https://t.co/4zs0Za5uln https://t.co/2CpXXpWpMM"
69,2022-04-02 00:06:21+00:00,gempski,Udah ada kok sekarang. Telkom udah punya produk cloud macem AWS dan big data platform nya macem Cloudera. Kuy intip di https://t.co/aQ0NvOCT45 https://t.co/VHfrQRiz2u
70,2022-04-01 16:08:46+00:00,aawiseau,"Gw pernah ikut pelatihan DTS pas 2020 akhir karena lagi nganggur &amp; disuruh kakak gw. Ikutan yg Amazon Web Services A.K.A. AWS.

Materinya ok lah buat dasarnya, cuman di Indo sendiri job yg berkaitan dengan AWS tuh bukan buat freshgrad, jadi agak mubazir jg ilmunya wkwkwk. https://t.co/MWcaH820s3"
71,2022-04-01 14:49:08+00:00,hapidzf21,Manakah dari Berbagai Layanan Penyimpanan AWS Cloud untuk Dipilih &amp; Manfaat https://t.co/brc2FFP6Sq
72,2022-04-01 14:31:03+00:00,Elbarak_,"Kementerian Kominfo bermitra dengan perusahaan teknologi global yaitu Amazon Web Service (AWS) serta National University Of Singapore untuk membahas tema ""Driving Government Digital Transformation with One Data and Smart City.
@kemkominfo @PlateJohnny https://t.co/iwH390k7Hg"
73,2022-04-01 13:17:26+00:00,hapidzf21,Menyerap dan mengelola data dari peralatan industri dengan AWS IoT SiteWise https://t.co/3RHvU3hZOO
74,2022-04-01 11:54:30+00:00,arjunaskykok,"Dia berusaha membangun ""internal cloud"". Dia ""ingin"" Indonesia punya AWS sendiri.

Tautan:
https://t.co/YTo2sO6ZMn https://t.co/thYQNyoYnv"
75,2022-04-01 09:46:03+00:00,dchyntiabella,"Atasi Defisit Talenta Xihital, Kominfo Gaet Amazon Latih Ratusan PNS

Kementerian Kominfo bekerjasama dengan Amazon Web Service (AWS) menggelar program pelatihan Digital Leadership Academy (DLA) tahun 2022. https://t.co/vfyZ87tqwq"
76,2022-04-01 09:27:47+00:00,s1b4d,"Kementerian @kemkominfo bekerja sama dengan Amazon Web Service (AWS) menggelar program pelatihan DLA tahun ini. 

Bertujuan mengatasi defisit talenta digital di Indonesia, terutama di sektor pemerintahan.

@PlateJohnny https://t.co/43qKwcoGTn"
77,2022-04-01 08:56:20+00:00,DS_yantie,"Kementerian @kemkominfo bekerja sama dengan Amazon Web Service (AWS) menggelar program pelatihan Digital Leadership Academy tahun ini. Program ini bertujuan mengatasi defisit talenta digital di Indonesia, terutama di sektor pemerintahan.

@PlateJohnny https://t.co/5j6GI0UFuc"
78,2022-04-01 08:50:13+00:00,DS_yantie,"Pada pelaksanaan perdana DLA 2022, Kementerian @kemkominfo bermitra dengan perusahaan teknologi global yaitu Amazon Web Service (AWS) serta National University Of Singapore untuk membahas tema ""Driving Government Digital Transformation with One Data and Smart City""

@PlateJohnny https://t.co/hOcIAp4Tdf"
79,2022-04-01 03:37:53+00:00,hapidzf21,Snowflake vs AWS Redshift: Perbandingan perangkat lunak pergudangan data https://t.co/5p0ETQuQwQ
80,2022-03-31 15:38:40+00:00,Menata_Laku,"Kominfo bekerja sama dengan Amazon Web Service (AWS) menggelar program pelatihan Digital Leadership Academy tahun ini. Program ini bertujuan mengatasi defisit talenta digital di Indonesia, terutama di sektor pemerintahan.
@PlateJohnny 
@kemkominfo https://t.co/2AJuXx5wa3"
81,2022-03-31 14:56:30+00:00,hapidzf21,Perbandingan Harga: AWS vs Azure vs Google Cloud https://t.co/iSNGgNQuOK
82,2022-03-31 11:07:04+00:00,Dialog16833416,"Kementerian Komunikasi dan Informatika @kemkominfo bekerja sama dengan Amazon Web Service (AWS) menggelar program pelatihan Digital Leadership Academy tahun ini.
@PlateJohnny https://t.co/SJJa3rxUWt"
83,2022-03-31 09:06:52+00:00,Spy_Zone85,"Dengan AWS,@kemkominfo akan mulai menggelar pelatihan bulan depan. Pelatihan ini akan menggaet 150 peserta dgn tema drivering government digital transformation with one data and smart city. Peserta pelatihan terpilih merupakan gabungan dari berbagai sektor,baik publik dan privat. https://t.co/afvoNZTval"
84,2022-03-31 09:04:45+00:00,Aryprasetyo85,"@kemkominfo bekerja sama dengan Amazon Web Service (AWS) menggelar program pelatihan Digital Leadership Academy tahun ini. Program ini bertujuan mengatasi defisit talenta digital di Indonesia, terutama di sektor pemerintahan.
@PlateJohnny @jokowi https://t.co/8eotynY5sk"
85,2022-03-31 05:13:15+00:00,hapidzf21,Palo Alto meluncurkan layanan firewall cloud-native untuk AWS https://t.co/6Gk7nvPQ3K
86,2022-03-31 04:53:53+00:00,eliterycloud,"Elitery sudah berpengalaman dan telah menjadi partner resmi dari provide cloud kelas dunia seperti AWS, Google Cloud, Azure, Huawei, dan banyak lagi.

#elitery #googlecloudplatform #aws #MicrosoftAzure #Huawei https://t.co/N9dMeW93kP"
87,2022-03-31 04:36:42+00:00,topicapink,"@GoogleCloud_ID Sampai saat ini google cloud belum support server yg berbasis Mac, Tdk seperi AWS"
88,2022-03-31 01:08:27+00:00,hapidzf21,Baru – Cloud NGFW untuk AWS https://t.co/FLwUHOJEI5
89,2022-03-30 21:01:56+00:00,infosec_jobsCOM,HIRING: Cloud Security Engineer - SPDI / Remote - https://t.co/P7CdOJsGij #InfoSec #infosecjobs #CyberSecurity #CyberCareer #cyberjobs #security #jobsearch #techjobs #hiringnow #AWS #Cloud #Infrastructure
90,2022-03-30 07:04:39+00:00,PatriaAbditiar,"sama aja kayak bilang 

""data tokopedia bocor ini pasti salahnya aws karena datanya kan disimpan disana. wah aws tidak aman ini berarti."""
91,2022-03-30 01:43:52+00:00,baektocy__,yaAllah semoga final examku memenuhi passing grade😭😭 pgn banget bisa ikutan sertifikasi aws cloud foundation😭😭😭
92,2022-03-30 00:30:50+00:00,teknogav,Riset AWS Ungkap Tingginya Kebutuhan Peningkatan Kapasitas Digital bagi Karyawan -- #DigitalTransformation #cloud #CloudComputing https://t.co/N9ZjWysW00
93,2022-03-29 17:39:40+00:00,hapidzf21,Masalah Keamanan Teratas dan Kekhawatiran untuk Aplikasi AWS Cloud https://t.co/czLGF2IQOM
94,2022-03-29 12:12:03+00:00,EbHaerys,"Dekat malaysia ada berapa penduduk plak?? 33 juta secara kasar.. Agak2 mana data ni disimpan? Negara malaysia ke?
-isu pertama syarikat apa yg buat software ni. Domain apa?
-cloud apa? Contoh syarikat ternama spt Amazon, google, AWS dan ada 20 syarikat cloud computing ni. https://t.co/j2jzaeoIP4"
95,2022-03-28 14:14:05+00:00,hapidzf21,"Vendor kolaborasi hit outage AWS, menyoroti risiko alat berbasis cloud https://t.co/vLpoLeGZrq"
96,2022-03-28 11:44:02+00:00,syazuanism,Kalau pakai AWS data kita jadi USA punya ke? https://t.co/4vdHADExc7
97,2022-03-28 04:23:34+00:00,iamgymie,"Haloo Developers!
Mau tahu cara mendeteksi intelligence threat secara otomatis? 🤔

Nah, di sesi kali ini bersama AWS Hero @Albert_Suwandhi, kita akan belajar mengenai layanan Intelligent Threat Detection dari AWS yaitu Amazon GuardDuty dan cara kerja Gua…https://t.co/DVLTVePYrj"
98,2022-03-28 00:36:10+00:00,fabhar,"@kamikeadilan @ken5hin @Khairykj AliCloud ada kat Malaysia. Data center dia dekat TIME jln raja Chulan. Azure masuk soon, tapi AWS &amp; Google won't be here anytime soon"
99,2022-03-27 15:39:45+00:00,dicoding,"@androiddev_tng @codingfess Ada dong💯

Dicoding punya kelas Belajar Dasar AWS Cloud nih
https://t.co/Nh6zMe0tmq"
100,2022-03-27 14:48:13+00:00,h_dean,@ken5hin @Khairykj Malaysia belum ada data centre. google dan aws belum dgr rancangan mmbuka data center. Azure dlm pembinaan.
101,2022-03-27 12:16:49+00:00,kamikeadilan,"@ken5hin @Khairykj AWS, GCloud belum dan mungkin tak akan ada di Malaysia, tapi Alibaba Cloud dgn Azure, dengarnya coming soon utk buka DC kat Malaysia. Tak sure dah ada ke belum. TM sendiri pun ada cloud, boleh je gunakan."
102,2022-03-27 10:15:33+00:00,ken5hin,"@Khairykj Data MySejahtera disimpan menggunakan cloud provider (AWS, Azure, Alicloud etc) yang mana satu? Adakah cloud provider yang dipilih mempunyai data center di MY utk memenuhi keperluan data residency?"
103,2022-03-25 18:03:17+00:00,ai_jobsNET,HIRING: Data Architect - APAC / South Korea - Seoul - https://t.co/0eEUHuTTD1 #AI #MachineLearning #DataJobs #Jobsearch #MLjobs #bigdata #DataScience #AIjobs #techjobs #hiringnow #AWS #Looker #Python #Redshift #SQL #Scala #Scrum #Tableau
104,2022-03-25 05:37:20+00:00,nanovest_io,"🆕 Gebrakan Baru dari Amazon! 
Amazon luncurkan “AWS Cloud Quest,” game online role-playing seperti metaverse untuk latih penggunanya gunakan AWS Cloud."
105,2022-03-25 02:49:01+00:00,hapidzf21,"Zoom Aplikasi Konferensi Video Meninggalkan Oracle, Tinta Berurusan Dengan AWS Untuk Layanan Cloud https://t.co/BITjj2os3q"
106,2022-03-25 01:55:19+00:00,ahmadsholik4,"Tayang nya jam 13.00 WIB 🙏

AWS Cloud: https://t.co/3KVcTOZIXE https://t.co/dgb8qtM5Q8"
107,2022-03-25 01:48:17+00:00,hapidzf21,Strategi Migrasi Cloud dengan CloudStackGroup | Pengoptimalan Biaya AWS https://t.co/2DLPBajVYh
108,2022-03-24 10:41:33+00:00,Lip6Tekno,AWS: Skill di Bidang Cloud dan Keamanan Siber Paling Diminati https://t.co/XOQubGlTIb
109,2022-03-23 04:14:03+00:00,ruliemaulana,"https://t.co/fPNJQsFmd7

Ini problem tiap bahas AI.
Selalu bicara kemampuan AI saat ini.

AI di HaloDoc memang hanya bicara AWS bantu urai benang kusut akses, konsultasi, farmasi.

Mestinya lihat tujuan Amazon Care itu apa dan apa kontribusi jutaan data pada training AI mereka."
110,2022-03-22 23:42:00+00:00,teknogav,Enseval Kembangkan Platform Distribusi Digital EMOS dengan Solusi AWS -- #cloudcomputing #cloud #aws https://t.co/DKLCYUm7FF
111,2022-03-22 16:46:25+00:00,asetiaji,"habis ini dia mau  apply ke AWS, lagi cari cloud engineer https://t.co/SQIRtPiXgV"
112,2022-03-22 07:50:25+00:00,chrisnaadhip,"@WatchmenID Cloud Engineer without Google Cloud &amp; AWS Certification

kasian yg jobnya beneran Cloud Engineer untuk produk-produk Cloud Computing, nanti dikira pawang hujan 😰"
113,2022-03-22 07:01:22+00:00,setiop_1508,"Hahahhaha cloud engineer, kerja di AWS? Atau Google??

Ngarep aja loe https://t.co/FNI0S9faaQ"
114,2022-03-22 05:57:43+00:00,asrulsibaoel,Cloud Engineer yang gak butuh AWS / GCP. https://t.co/FllDQByhW8
115,2022-03-22 04:17:46+00:00,danangan,Belajar AWS biar bisa jadi cloud engineer
116,2022-03-21 19:37:02+00:00,CodingJobsIt,"NTT Data is hiring a DevOps Engineer in Bari, Puglia, Remote: https://t.co/yQuWSr0tzw #AWS #Cloud #Engineer #Azure"
117,2022-03-21 19:27:51+00:00,Ozabawono,"Gk perlu certified AWS cloud, Google cloud, Digital Ocean capable, AliBaba Cloud, Azure Cloud utk jd Cloud Engineer/DevOps. Ckup dengan ....

PS.Ntah benar gak gmbar ini. Dicariin di LinkedIn gak nemu. https://t.co/jTdAfWPEZ2"
118,2022-03-21 17:30:22+00:00,orcql,"Kan gue nguasain AWS sama Azure, apakah gue bisa dibilang cloud engineer alias pawang hujan juga?"
119,2022-03-21 13:47:14+00:00,bismiansyah,@WatchmenID Capek2 belajar AWS sama Azure. Ternyata jadi cloud engineer harus bisa mistis.
120,2022-03-21 13:29:40+00:00,roosida,"@__Sridiana_3va Nah kan…udah ada teknologi yg bisa dipake dan udah sering dipake, apalagi udah pasang aws (automatic weather station) jg. Mgkn “cloud engineer” kmrn itu cm dipake buat seru2an aja kali yaa 😅🤭"
121,2022-03-21 11:32:36+00:00,clokeit,@spritvs AKU BERSUMPAH SERAPAH WKWKWKWKW cloud engineer yalord certified dr aws atau ibm ni keknya
122,2022-03-21 09:25:09+00:00,fsWibisana,"Memang Cloud Engineer selain harus bisa ngurus AWS sama GCP, sekarang kudu ngurus cumulonimbus juga. https://t.co/yaYGTkqbnx"
123,2022-03-21 08:19:07+00:00,pacmannai,Oh Pawang Hujan itu orang Infra yang biasa ngurus Cloud di AWS dan GCP. 😁👍 https://t.co/RjZhPNLEjy
124,2022-03-21 05:52:46+00:00,aslich,"@hidahidaan Wah, spesialisasinya apa? AWS? Azure? Google Cloud?"
125,2022-03-21 05:47:11+00:00,selvicekun,@arwtnbe kl dia cloud engineer gw apa dong yg maenan tiap hari GCP AWS ALIYUN 🤣🤣
126,2022-03-21 05:17:22+00:00,hapidzf21,"AWS re:Invent, Pluralsight, dan AWS membantu membangun masa depan pembelajaran cloud https://t.co/ses5wc7XoQ"
127,2022-03-21 05:04:54+00:00,belajarIDN,"Rekaman sesi Live Stream pengenalan Container Orchestration dengan App Runner bisa diakses di sini: https://t.co/SXzPBmo71d
Materi dibawakan dengan sangat sistematis oleh Yunita Salim; seorang Solution Architect untuk Amazon Web Services Indonesia.
#AppRunner @AWS #Container"
128,2022-03-21 04:24:16+00:00,fifiyuu,Sertifikasi AWS lewat udah sama skill cloud engineer ini😌 https://t.co/9NXGq6M2O5
129,2022-03-21 03:47:18+00:00,adi_user45,"AWS, Azure, Alibaba Cloud, GCP, dll ketar ketir dibuat Cloud Engineer nya mandalika kemaren 🔥🔥"
130,2022-03-21 03:09:57+00:00,yasfdany,Tebak beliau pake Google Cloud atau AWS? https://t.co/Qmp5KaUaCD
131,2022-03-21 02:58:46+00:00,syntaxnotfound_,"Cloud engineer = pawang hujan 
Berarti AWS jadi badan geologi ya wkwk https://t.co/B9J8bKJs1X"
132,2022-03-21 02:45:57+00:00,Tsumugi_mug1,cloud engginer tanpa perlu sertifikasi aws https://t.co/oOmZDFv2Fh
133,2022-03-21 01:33:15+00:00,EryAnneMariey,Bisa sekalian ngendaliin Cloud AWS ga kak 🤭🤭🤭 https://t.co/7GDX712hIN
134,2022-03-21 01:31:58+00:00,bangwinissimo,Mbak Rara pasti sebentar lagi diajakin gabung ke AWS atau Google Cloud sebagai Cloud Engineer......profesi yang sedang hits juga kan....eh bener kan Cloud Engineering itu kerjaannya berhubungan dengan awan dan otomatis hujan juga dong?
135,2022-03-20 21:06:49+00:00,hapidzf21,Orkestrasi ETL menggunakan Amazon Redshift Data API dan AWS Step Functions dengan integrasi AWS SDK https://t.co/HP7b8jmGab
136,2022-03-20 17:28:39+00:00,DhikPutraa,lebih percaya cloud engineer aws dibanding cloud engineer mindah hujan  🙏
137,2022-03-20 16:24:41+00:00,ztszu,@worksfess cloud aws kalah nih
138,2022-03-20 15:27:07+00:00,hrdnbayu,"🧑‍🚀 : kerjaannya apa mas?
🧑‍🦲 : cloud engineer, mas
👩‍🚀 : oh. AWS, GCP? 
👨‍🦲 : pawang ujan, mas"
139,2022-03-20 13:33:50+00:00,taengerine505,Ada tweet td yg blg ibu2 pawang ujan motogp titlenya cloud engineer kalo di linkedin ya allah all aws bros are shaking 😭
140,2022-03-20 13:22:56+00:00,hapidzf21,Mengumpulkan data kendaraan secara lebih efisien dengan AWS IoT FleetWise https://t.co/ksGEDwVEcx
141,2022-03-20 13:03:01+00:00,maafin_aku3,cloud sekarang udah bukan AWS lagi 🙄✋ https://t.co/domnuV314q
142,2022-03-20 12:45:47+00:00,seeeara,@worksfess Lebih tepatnya Rain shaman nderr cloud engineering ntar ditanyain pake aws atau gcp nih? Wkwkwk
143,2022-03-20 12:43:47+00:00,arhcha,"Clouds engineering specialist 😭😭😭😭

Gua merasa tertampar karena telat belajar AWS clouds service.. 🙄 https://t.co/SXOVIDB9LC"
144,2022-03-20 11:28:37+00:00,arihtakid,"@ridwanhr Mantra yg dipake masih versi lama. Sekarang sudah berubah, harus implementasi Blockchain. OSnya juga kudu naik versi ke yg V11. Nggak kompatibel dengan God's Cloud yg sdh pakai AWS."
145,2022-03-19 05:39:03+00:00,HariankriptoId,"Amazon telah meluncurkan metaverse yang dibalut seperti game untuk memberikan edukasi terkait komputasi awan, alias cloud computing.

https://t.co/jsEvPn8VGJ

#Amazon #metaverse #game #cloudcomputing #AWS"
146,2022-03-18 20:49:01+00:00,searchresume,"Bhhhh in Vasanth Nagar, Karnataka, India: engineer, chef, qa, project, admin, cloud, aws, devops https://t.co/yoN89oST6Q"
147,2022-03-18 17:17:29+00:00,hapidzf21,Tinta Aliansi Maskapai Penerbangan Utama Berurusan Dengan AWS Untuk Layanan Cloud https://t.co/1EuX9fMOBg
148,2022-03-18 05:44:22+00:00,MohLutfiFauzi,Sertifikat Kelulusan kelas Cloud Practitioner Essentials (Belajar Dasar AWS Cloud) https://t.co/fz0Xs3ylAY lewat @dicoding
149,2022-03-17 11:30:03+00:00,Hybrid_IDN,"AWS Cloud Quest: Cloud Practitioner adalah game edukatif mirip metaverse yang dirancang untuk mengajarkan cloud computing secara menyenangkan.
https://t.co/HuNT2aHE8Y"
150,2022-03-16 23:51:57+00:00,haebojaa,"@8UkXK3beBNDzo4v @codingfess internetnya nggak putus kaa, kalo VM cara ceknya gimana ya? kayaknya gapake VM-vm an 😅

bukan aws ka itu macincloud buat sharing cloud macos -s"
151,2022-03-16 09:58:20+00:00,rajasa,"lupa matiin service di aws, disambut tagihan akhir bulan... hix..

Susahnya bayar hourly usage ya begini wkwk."
152,2022-03-16 08:52:17+00:00,Rangerkuning212,"@lokithedinosaur @iyeneee @astonix Kak mau tanya buat kerja di aws tuh harus IT kah? Dan remote work gak ya??? 

Dulu pernh ikut pelatihannua cloud computing nya dari aws, tertarik, cuma itu msh bgong2 sih krn bukan background IT"
153,2022-03-16 05:24:20+00:00,prakoso_ravi,"@michaelcurry32 @imay6661 @astonix Bisa aja si kandidat tersebut jadi sasaran empuk buat pihak lain yang ingin melakukan kejahatan terhadap keamanan data center dan berujung kepada data bocor. Walaupun AWS banyak layer keamanan, tetap aja selalu ada celah dari orangnya sendiri."
154,2022-03-16 01:35:05+00:00,petrabarus,@irfandi93 seinget saya Amazon/AWS udah gak terlalu mandang degree lagi sih.
155,2022-03-16 01:26:16+00:00,petrabarus,"Di AWS yg di luar jg emang ketat banget buat staff Data Center facility. Staff AWS biasa pun gak boleh masuk Data Center.

Apalagi kalo Data Centernya region AWS GovCloud yang isinya data-data govtnya US. Itu super ketat, misal, staffnya hanya boleh US citizen yg udah vetted. https://t.co/Hzm92khPhh"
156,2022-03-15 16:26:30+00:00,ACReyhan98,"@BungasLaris @astonix Ini lebih karena mengurus data center sih, soalnya sangat riskan di sabotase dari dalam. Apalagi sebesar AWS yg biasa digunakan tech giants. Ga main-main untuk urusan keamanan data."
157,2022-03-15 15:30:53+00:00,mmt88_,@astonix namanya juga data center. proteksinya super ketat. apalagi AWS.
158,2022-03-15 13:41:22+00:00,faridzdzdz,aws tuh sejenis google cloud kan
159,2022-03-15 12:41:59+00:00,Kaleyana_,Ternyata Data Centernya AWS ada di Cikarang. Kirain bakal buat di SG atau Malaysia aja. Apa karena ekosistem startup di Indonesia udah berkembang ya. https://t.co/HYHpFYBWvh
160,2022-03-15 12:04:28+00:00,shallypristine,"@Outstandjing Tau-tau kabur ga balik lagi bawa data klien terus dijual ke kompetitor. Hhhh.

Menariknya beberapa bulan kemarin AWS ini ada cari orang external engagement dengan requirement bisa bahasa Sunda. Menarik juga, mungkin buat liaise sama RT setempat di Cikarang."
161,2022-03-15 10:16:44+00:00,BrandZe1,"@astonix mungkin karena posisinya di data center kaliya, kalo ada indikasi bohong, nanti pas kerja disana ada kecenderungan bisa bocorin data client AWS."
162,2022-03-15 09:32:40+00:00,petrabarus,"Sedikit penjelasan dari ex-AWS:
1. Data Center itu sensitif bgt, soalnya isinya data2 penting &amp; privacy customer. Jadi screeningnya super meticulous. Sebagian besar staff AWS gak boleh masuk Data Center.
2. Interview Amazon emang panjang banget. Gw dulu diinterview 8 org total. https://t.co/wx5JJ7i7EU"
163,2022-03-15 09:12:20+00:00,ridhwan_almaruf,"@labanux Data Center, apalagi sekelas AWS. Itu wajar."
164,2022-03-15 09:02:05+00:00,Lust261200,"Kenapa ya setiap baca AWS mikirnya standard mulu, padahal konteksnya amazon web cok"
165,2022-03-15 06:59:05+00:00,astonix,"Terkejoet diceritakan teman yg dpt offering kerja Data Center facility engineer nya Amazon (AWS) Cikarang.
Proses background check nya sampai 15 tahun ke belakang.
Tempat tinggalnya bener2 didatengin sekalipun di pelosok hutan.
Proses interviewnya 5x.

Warbiyasaaak."
166,2022-03-14 17:09:01+00:00,hyperfem_,Example : AWS dicut di Russia maka most likely Tech Companies yang rely semisal buat web hosting sama cloud ke AWS bakalan mati kutu.
167,2022-03-14 12:30:09+00:00,regyoctavian,"hah? gmana? ini nge BO udah lewat cloud? pake provider cloud apa? AWS, Azure apa GCP ? https://t.co/y40UNwppNb"
168,2022-03-12 21:14:25+00:00,hapidzf21,Memperkenalkan Amazon S3 Transfer Manager di AWS SDK untuk Java 2.x https://t.co/WZKAtDOy4Q
169,2022-03-11 08:13:25+00:00,gprionggo22,wkwk baru tau daftar aws amazon bisa pake kartu debit
170,2022-03-11 06:02:07+00:00,ai_jobsNET,"HIRING: Data Analyst / Barcelona, Catalonia, Spain - https://t.co/tq8HS9fS93 #AI #MachineLearning #DataJobs #Jobsearch #MLjobs #bigdata #DataScience #AIjobs #techjobs #hiringnow #Engineer #DataScientist #AWS #Looker #Redshift #SQL #Tableau"
171,2022-03-11 03:08:03+00:00,manusyaginger,haruh ini course aws cloud pusyeng bgt bnyk nama2nya
172,2022-03-10 10:08:14+00:00,ahmadsholik4,"Lanjutkan lagi sampai tuntas
Stay tuned
AWS Cloud: https://t.co/3KVcTOZIXE https://t.co/NLbO81gB1h"
173,2022-03-10 01:24:11+00:00,MarlianaShela,Amazon Tak Lagi Terima Pelanggan AWS Baru di Rusia dan Belarusia https://t.co/tErv5BI5TJ
174,2022-03-09 17:01:07+00:00,thelowcodeshow,"OutSystems berkolaborasi dengan AWS, akan mendemonstrasikan secara live bagaimana proses development sebuah aplikasi yang kompleks dalam waktu 30 menit 😲 Mari bergabung bersama kami untuk mengeksplor innovasi yang tak terbatas di era #cloud dan #digital. https://t.co/QLU7uZen0z https://t.co/XkrcilLWxg"
175,2022-03-09 15:47:08+00:00,mahendrasyathi,"@a17wahidin @Robinvpersis @codingfess @flydotio aws free tier, ada juga digital ocean bayar $5 didepan buat jaminan trus dapet $100 free credit bisa buat beli2 kek droplets atau service lain didalamnya"
176,2022-03-09 07:22:26+00:00,idcamp_indosat,"Selamat kepada para pemenang GIVEAWAY IDCamp X Dicoding LIVE ""Cloud Computing Journey bersama AWS""🥳

Cek ke bawah siapa aja pemenang beruntung! Apakah kamu salah satunya? https://t.co/63kWaSN2WJ"
177,2022-03-09 05:46:45+00:00,Toggelt_,@derbroderG @VolkerGuendel @amazonDE @AmazonNewsDE @AWS_DACH @amazon haha abfahrt
178,2022-03-08 10:49:03+00:00,Sopan_MasihMuda,"@tintinnya @klinikhukum @IndiHomeCare Jangankan console aws, website djp online aja kemarin sempat ga bisa submit data"
179,2022-03-08 03:35:01+00:00,SirSanndy,"Woaaah, service saya juga yg di AWS tidak bisa diakses di jaringan @IndiHomeCare @IndiHome https://t.co/jY7AtQ1vPh"
180,2022-03-08 02:00:47+00:00,fadhilmukh,"@Heinrichmozav @fachry_my_id @pridiasvvip @awakutuleksikon @ezash Sempet minat mau coba DigiBank sama Jago tapi belum sempet. Dipake cuma buat create new subscription cloud AWS, Azure, Google cloud buat ngelab dapetin free credits haha..
Paket Jenius udah terdaftar semua. Makanya pengen pake yg lain karena akun skrg udah lewat creditnya.."
181,2022-03-08 01:08:27+00:00,IndiHomeCare,"@tintinnya Halo, Kak Tintin. Mohon maaf atas ketidaknyamananya. Pada tanggal 07 Maret 2022 sekitar pukul 11.00 terjadi gangguan tidak bisa akses halaman Console AWS Amazon. Saat ini, layanan sudah kembali normal. Informasi detail Tara respon via DM atau klik https://t.co/yuUDRsTpwI . -Tara"
182,2022-03-08 00:43:51+00:00,aryya_id,"Untungnya sekarang di Indonesia udah ada beberapa cloud provider yang bisa dipakai untuk build vpn server di Jkt

Alibaba
GCP
AWS
Biznet

Tujuannya apa? Supaya sebagai end user akses lewat vpn dulu, toh bandwidth cloud provider ke LN pasti gede"
183,2022-03-08 00:00:18+00:00,libracoder,"Mesos, Consul, Kafka
Exciting times ahead 😊
#cloud #aws #nigeriatech https://t.co/Ppp3AlCzd0"
184,2022-03-07 14:52:03+00:00,ridife,Hendak mengembangkan aplikasi untuk berbagai komputasi awan seperti #azure dan #aws coba pahami cloud native https://t.co/r33iAzCbe3 https://t.co/QEL31FWLBO
185,2022-03-07 11:14:05+00:00,Windrayo_R,@boeronan @tintinnya @klinikhukum @IndiHomeCare Wah kerja di AWS Data Center
186,2022-03-07 04:56:07+00:00,tintinnya,"Halo @klinikhukum apa bisa menuntut @IndiHomeCare secara pidana dan/atau perdata karena tidak memberikan layanan internet mereka dgn stabil? Hari ini saya tdk bisa Connect ke halaman Console AWS Amazon, tp pakai ISP lain bisa. Kalau bisa, apa saja yang harus disiapkan? https://t.co/jBBRkJtEGT"
187,2022-03-06 12:14:27+00:00,vigicaraka,1 Enterprises atau business to business model. Perusahaan jual produk/jasa ke bisnis lainnya. Model bisnis yang paling umum dan jelas gimana cara generate revenue-nya. Contoh perusahaan yang menerapkan model bisnis itu adalah penyedia cloud seperti AWS dan cloudera. https://t.co/bfWAz1CQ52
188,2022-03-05 12:25:14+00:00,importcv2,"@fhoebebuffay @collegemenfess Ada kok, pas itu alibaba cloud, pln juga ada. Bahkan dosen gua banyak yang kenal sama orang-orang sekelas perusahaan AWS. Gimana lu pinter-pinter cari aja."
189,2022-03-03 15:49:40+00:00,jalanprogrammer,Processing 50GB data running dari 14.30 sampai 10.48 belum juga selesai klasifikasi. Lama juga ya. Di local lho ini. Gimana kalau udh deploy ke aws coba.
190,2022-03-03 14:12:20+00:00,YehezGun,"@whyrezan Cloud AWS atau GCP sbnrnya minimal bgt bisa deploy mandiri ke production itu dah milestone dah wkwk. Di tempat gw semua engineer di-push ngerti basic2 cloud even ada DevOps, jd deploy sendiri atau bahkan handle issue klo amit2 kenapa2 pas deploy"
191,2022-03-03 09:33:49+00:00,arif_adinegoro,@cnbcindonesia Gak apa apa! Dia kan masih punya aws cloud yg cuan x itu wkwkwkw
192,2022-03-03 05:18:09+00:00,RamBhatia006,"@fyers1 Aapne server ko AWS pr shift kr lo jis din paise bnne ka time hota hai to tumhara server hi karb ho jata
Bekar service tumahri"
193,2022-03-02 18:08:05+00:00,defxatk,"1.1. Buku ini berisi tentang seluk-beluk computer security dan network security, mulai dari teori hingga praktik. Beberapa materi inti yang dibahas dalam buku ini antara lain: Cisco security, Windows security, Linux security, Android security, AWS cloud computing security, ..."
194,2022-03-02 10:17:27+00:00,sarjana_crypto,"Di bulan Juni lalu juga racle meluncurkan layanannya berdasarkan Hyperleger Fabric.

Yang menyediakan MultiChain dan Hyperledger Fabric.

Termasuk AWS Amazon saat ini mendukung Ethereum dan Hyperledger Fabric.
8/8"
195,2022-03-02 07:06:07+00:00,mobitekno,"Kolaborasi dengan AWS, ICS Compute Tawarkan Layanan FinOps untuk Percepat Transformasi Cloud di Indonesia: Mobitekno – AWS (Amazon Web Services) mengumumkan kolaborasinya dengan ICS Compute untuk meningkatkan […] https://t.co/hqxahRZXvZ https://t.co/JT5dwRhSqZ"
196,2022-03-02 00:32:37+00:00,izeqie,"Fabric, startup e-niaga yang didirikan oleh beberapa mantan karyawan Amazon, mengumpulkan $140 juta dengan valuasi $1,5 miliar. Perusahaan menganggap dirinya sebagai ""#AWS untuk perdagangan"" dan menyediakan infrastruktur e-niaga untuk berbagai industri."
197,2022-03-01 23:45:06+00:00,lutfimove,"Belanja Kawat/Faksimili/Internet/TV Berlangganan (Kredit Amazon Web Service (AWS) dan Local Support)... (02/Mar) , trend - EXO COMEBACK #tender #lelang https://t.co/SocE4M9xUf"
198,2022-02-28 11:38:39+00:00,teknogav,ICS Compute dan AWS Berkolaborasi Percepat Transformasi Digital Indonesia -- #cloud #CloudComputing #AWS  https://t.co/LaCZqZE2dp
199,2022-02-28 02:22:21+00:00,codingfess,"code; kalau db kita udah pake mongodb atlas yang cloud, pas mau hosting di aws itu berarti ga perlu beli databasenya ya (?) maaf ga terlalu paham masih awam, makasih"
200,2022-02-26 05:13:19+00:00,boedybios,"Rekaman sesi live stream tadi pagi bersama @dicoding dengan topik seputar ""Cloud Computing Journey bersama AWS"" bisa diakses di sini: https://t.co/x7zsh2WlU4
Semoga bisa bermanfaat 🙂
#AWS #Dicoding #CloudComputing #CloudJourney"
201,2022-02-26 03:22:06+00:00,adi_user45,"Amazon Web Service sebagai salah satu Cloud Provider terkemuka ini memiliki banyak sekali layanan yang bisa digunakan untuk memenuhi kebutuhan Kita.

Mari belajar lebih dalam tentang Amazon Web Service (AWS) Part 1 di https://t.co/3wXLHMJhby
#AmazonWebService #CloudComputing"
202,2022-02-25 04:24:07+00:00,MarlianaShela,"Percepat Adopsi Cloud, AWS dan ICS Compute Berkolaborasi https://t.co/HZmfG19xRJ"
203,2022-02-25 04:00:00+00:00,TopKarir,"Jangan sampe ketinggalan! Yuk ikutan pelatihan GRATIS &amp; dapetin hadiah total hingga 12 juta untuk 6 orang pemenang di “Meet The Expert” malam ini! Persembahan dari Amazon Web Service (AWS)

Cek informasi selengkapnya di https://t.co/BOuLLFIqM3 https://t.co/XGGDx8yn6b"
204,2022-02-24 14:11:46+00:00,jpnncom,"#BeritaTerpopuler 
Bangun Ekosistem Digital, Bank BJB Bersama Amazon Web Service dan DCI, Fokus Ciptakan IT Digital Enablement
@infobankbjb 
@awscloud 
#BankBJB
#AmazonWebService
#PTDCI
#ITDigitalEnablement
https://t.co/lsVBNCrYwC"
205,2022-02-24 14:03:06+00:00,cahgadget,AWS Perkuat Kemitraan dengan ICS Compute untuk Akselerasi Layanan Cloud https://t.co/FCAinhJiWc /via @gizmologi https://t.co/s7qyfpifj8
206,2022-02-24 13:52:29+00:00,gizmologi,AWS Perkuat Kemitraan dengan ICS Compute untuk Akselerasi Layanan Cloud https://t.co/qfkiyEbzRr
207,2022-02-23 18:55:51+00:00,ItsAstraea1013,"@ai_square Oh untuk apa? Kalau untuk host website static boleh host guna github.
Kalau nak buat cloud based server saya suggest tengok DO dia murah sikit dari azure/Aws/gcp. Kalau nak buat hardware server boleh try tengok raspberry PI tutorial."
208,2022-02-23 13:57:34+00:00,pikiran_rakyat,"Bank bjb Bersama Amazon Web Service (AWS), Alibaba Cloud &amp; DCI Ciptakan IT Digital Enablement https://t.co/liCl5xRNdi"
209,2022-02-23 12:45:42+00:00,infobankbjb,"bank bjb melakukan kerja sama dengan Amazon Web Service (AWS) dan PT DCI Indonesia dalam mendukung IT Digital Enablement “Modernisasi Infrastruktur Menuju Era Digital dengan ISO 20000 dan ISO 27001”

#bankbjb #aws #dci #tandamataku #tandamatauntuknegeri https://t.co/kBdFFTIa09"
210,2022-02-23 10:55:20+00:00,TopKarir,"Buat kamu yang mau belajar lebih dalam seputar Information Technology (IT) yuk ikutan pelatihan GRATIS &amp; dapetin hadiah total hingga 12 juta untuk 6 orang pemenang di “Meet The Expert” persembahan Amazon Web Service (AWS)

Cek informasi selengkapnya di https://t.co/BOuLLFrnK3 https://t.co/9oQdp1VdT9"
211,2022-02-23 08:29:26+00:00,jabarekspres,"Ciptakan IT Digital Enablement, bank bjb Gandeng Amazon Web Service (AWS), Alibaba Cloud dan DCI https://t.co/8ZrccKjCwr"
212,2022-02-23 08:12:38+00:00,aktualofficial,"Bangun Ekosistem Digital Masif, bank bjb Bersama Amazon Web Service (AWS), Alibaba Cloud &amp; DCI Ciptakan IT Digital Enablement https://t.co/bRdKrA4fyK"
213,2022-02-23 08:05:44+00:00,mediaindonesia,"Bank bjb Bersama AWS, Alibaba Cloud &amp; DCI Ciptakan IT Digital Enablement  https://t.co/5QYl0sSEWH"
214,2022-02-23 07:38:04+00:00,Riau24Com,"Bangun Ekosistem Digital Masif, bank bjb Bersama Amazon Web Service (AWS), Alibaba Cloud &amp; DCI Ciptakan IT Digital Enablement https://t.co/r51sU3IRRn"
215,2022-02-23 00:34:57+00:00,gungdeAstika,Halo @IndiHome @IndiHomeCare apakah jaringan kalian sedang bermasalah ke AWS cloud? Semua service/server di aws cloud tidak bisa diaccess lewat jaringan indihome pagi ini.
216,2022-02-22 09:38:53+00:00,monodikotil,Etapi gua juga ga yakin si sama kemampuan cloud computing beyuemen. Ya jangan dibandingkan sama AWS webhosting lah. Wkwkwk
217,2022-02-22 04:50:01+00:00,saifuddinabd,"Sumbangan ini akan diedarkan oleh GPM kepada NGO-NGO tempatan Afghanistan iaitu Ehsas Welfare &amp; Social Service Organisation (EWSSO), Humanitarian Assistance Society (HAS), Afghan Welfare Society (AWS) dan Just for Afghan Capacity and Knowledge (JACK)."
218,2022-02-21 16:12:09+00:00,ambisinprivate,"@manu_sia_biasa Kalau linux di cloud computing kayanya emg wajar kak, krn setidaknya disarankan tahu basic linux. 
Tp intinya mereka tu hampir sama ga sih kak aws, azure, alibaba, google cloud? Intinya mereka hampir sama tapi penamaan, jenis dan tipe layanan nya yg beda2. 
Semoga kk lulus Aamiin"
219,2022-02-21 09:16:22+00:00,aria_ghora,"Kantor lagi nyari data engineer, nih. WFH friendly. Require kuat di python stack (pd, np, …), SQL &amp; NoSQL, hadoop/spark/sejenis. Bagus kalo familiar dengan ML library (sklearn, TF, PyTorch). Bagus lagi kalo punya pengalaman dengan AWS/GCP/azure. Ada yang minat/punya relasi?"
220,2022-02-21 01:24:54+00:00,sanaalqoyyum,"""itu lho anas ngerti soal AWS/Google Cloud"", padahal cuman paham 1 skenario deployment buat Golang doang ndak paham kalo disuruh troubleshoot"
221,2022-02-19 18:59:20+00:00,jeksijek,File 2014 akhire ketemu lewat cloud aws
222,2022-02-19 06:00:05+00:00,AMDIndonesia,"AWS Cloud EC2 C6a terbaru yang ditenagai oleh AMD #EPYC hadirkan price to performance hingga 15% lebih baik dibanding generasi pendahulunya, berikan performa komputasi powerful dan skalabilitas cloud pada hampir seluruh workload berat. Selengkapnya: https://t.co/hB9V2053iE https://t.co/0vaKAzslML"
223,2022-02-18 21:02:31+00:00,ai_jobsNET,"HIRING: Data Science Lead - Remote (Malaysia) / Remote - Kuala Lumpur, Federal Territory of Kuala Lumpur, Malaysia - https://t.co/TnZzb24neh #AI #MachineLearning #DataJobs #Jobsearch #MLjobs #bigdata #DataScience #AIjobs #techjobs #TechTalent #hiringnow #AWS"
224,2022-02-18 06:36:24+00:00,srfc23,"@caffeinenoona @jeniushelp @JeniusConnect itu pembayaran untuk free tier amazon aws.kalau enggak ngerasa daftar aws, berarti tahun kemaren. tenang aja dana bakal balik. AWS gratis, tapi kudu verifikasi kartu kredit. Jenius meskipun ada logo visa, itu Debit, bukan Kredit.solusi: blokir terus minta kartu baru,  #pengalaman"
225,2022-02-17 07:01:02+00:00,CodingJobsIt,"PwC is hiring a Cloud Developer Senior - Milano [DIG] in Milano, Lombardia, Remote: https://t.co/cye1bZZmfP #AWS #Cloud #Microsoft #Senior #Azure #GoogleCloud"
226,2022-02-16 16:30:26+00:00,AWSBlogUnreal,"The AWS Big Data Blog #AWSBigData
https://t.co/JlYeXkaXN8
By: Dipankar Kushari, Cody Cunningham and sayalij*"
227,2022-02-16 12:01:42+00:00,teknogav,AWS Asia Pacific (Jakarta) Region Dukung Pemberdayaan Developer Lokal -- #cloud #cloudcomputing https://t.co/nNoho1Qp23
228,2022-02-16 10:55:45+00:00,selebcuit,"@ferqonfleck @evimsofian kalau standarisasi alasannya, banyak data center lokal yang udah Tier III bahkan TIer IV dan bekerjasama dengan AWS, Azzure, dll dalam menyediakan layanan cloud. 

pun gak cloud, data bpjs, dan data2 lainnya tetap aja dah di bobol kan ? 

masalahnya apa kalau bukan di RUU DP ?"
229,2022-02-16 10:31:58+00:00,ferqonfleck,@selebcuit @evimsofian Kita nggak punya layanan GovCloud dari pihak ketiga yang jelas standarisasinya. Untuk data-data sensitif wajar bila membangun DC sendiri. Mungkin kalau AWS/Google Cloud buka GovCloud disini bisa berubah. Tapi sama aja gov contract itu mahal bgt.
230,2022-02-16 08:53:14+00:00,red_gen2,"@mfaizfablillah cloud engineer lepas kot nak apply, tapi cloud mana satu? azure, aws, google, huawei, tm one?"
231,2022-02-16 06:02:42+00:00,ai_jobsNET,"HIRING: Senior Data Engineer / Denver, CO - https://t.co/e2Dmu8PfEf #AI #MachineLearning #DataJobs #Jobsearch #MLjobs #bigdata #DataScience #AIjobs #techjobs #TechTalent #hiringnow #Engineer #AWS #BigData #Engineering #Python #Redshift #SQL #Spark"
232,2022-02-15 22:00:03+00:00,ICTerGezocht,AWS Data Engineer (INTERIM) #ict #vacatures #denhaag #data #awsdataengineer https://t.co/BBu34RZ9K2
233,2022-02-15 03:13:00+00:00,dennyalfani,"AWS Cloud and IT Fundamentals training
AWS re/Start bekerja sama dengan Orbit Future Academy menawarkan program gratis dan intensif selama 12 minggu yang dapat meningkatkan kualitas karir Anda di bidang Cloud Computing (Komputasi Awan)

https://t.co/96OvD9phqs"
234,2022-02-14 11:45:14+00:00,arcade2232,"@umbicrypto @PNS_Ababil @BetaEpsilonPhi Penginnya si pake nas terus backup berkala ke tape / sekalian aja pake cloud storage macam aws s3/backblaze/wasabi, atau langsung ke google drive business/ onedrive for business biar ada data retentionnya juga tapi keknya melon melon ini belum paham soal SaaS"
235,2022-02-13 14:40:18+00:00,DTS_kominfo,"Digiers, penasaran bagaimana cara pengunaan AWS Cloud dan pemahaman dasarnya?! 🧐

Yuk, ikut Pelatihan FGA X AWS, yang membuka 2 tema pelatihan, yaitu:

https://t.co/hIMITHty2R Foundation
https://t.co/BT5iuBTbgA Architecting https://t.co/3mFBFJHigT"
236,2022-02-13 13:01:57+00:00,rajasa,"@fransallen Iya. Bagus tu yg static site service.

Vercel dan netlify jg kenceng bgt grownya karena simplifying AWS.

Supabase jg.

Huge opportunity."
237,2022-02-10 10:11:28+00:00,folkerine,"@DwiFahrony @LambeResing untuk jaman sekarang cuan cloud computing gede banget, jadi ga heran semacam aws atau oracle atau yg lain bisa nyeponsorin dgn uang yg ga kalah gede ama money oil"
238,2022-02-10 10:09:17+00:00,folkerine,"@DwiFahrony @LambeResing kalo ga software ya cloud computing, tapi kayaknya cloud computing nya yg lebih di promosiin, ga jauh beda ama aws 
(ralat klo salah)"
239,2022-02-10 09:31:44+00:00,RaihanFdaus,"@hrdbacot 15jt kalo orangnya lolos probation. Btw lg nyari data engineer nih mincot, min exp1-2 years, diutamakan pernah handle AWS. Barangkali followersnya ada yg yakin #EsokHariPastiResign boleh dm yak"
240,2022-02-10 02:21:40+00:00,PemdaKotaCrb,"- Cloud Architecting (AWS)
- Visual Effect &amp; Motion Graphics (MyEduSolve)
- Digital Marketing (Rakamin)
- UI/UX Design (Rakamin)
- Business Intelligence (Rakamin)
- Scrum Master (Rakamin)

Pendaftaran dibuka pukul 17.00 WIB | 18.00 WITA | 19.00 WIT, 3 s.d 21 Februari 2022."
241,2022-02-10 01:03:10+00:00,bxyzbageur,Bingung banget mau sign offering letter dari AWS atau Google buat posisi junior  Data Scientist soalnya baru bisa baca file Csv lewat pandas. 😭
242,2022-02-09 12:28:10+00:00,evanpurnama,"cloud computing udah jadi very big bisnis sekarang. sebesar itu sampai bisa meng-subsidi other part of business nya Amazon. spending kita sendiri saat ini di AWS, GCP, dan Azure juga makin gede. Makanya jangan heran makin ke sini makin banyak ""product dan offer"" ttg cloud https://t.co/UuFzICS8c2"
243,2022-02-09 05:47:32+00:00,fahrihussaeni_,"setelah selesai di kelas Cloud Practitioner Essentials dibulan januari, galama dapet email dari dicoding untuk lanjut belajar di kelas Architecting on AWS. tahun ini mau produktif terus bareng dicoding. https://t.co/f5TZledYaC"
244,2022-02-08 14:08:34+00:00,tifandotme,"Digitalent sepertinya membuka lagi pelatihan FGA. Tertarik sama https://t.co/8bZa1e3KF4

Dapet sertif aws cloud practitioner

#digitalent #aws"
245,2022-02-08 13:18:11+00:00,soyltahu,@worksfess produk amazon emg cuma alexa doang? kan banyak nder... ada AWS jg dll. lagian kalo searching itu tugasnya SEO nder bukan UI UX.
246,2022-02-08 10:44:34+00:00,mualimnoer,"Pengen ikut online course cloud compute and networking like AWS, Alibaba, Azure, tapi ada tesnya. Ya lord, ga ada basicnya samaek heuheu"
247,2022-02-08 09:55:26+00:00,AWSBlogUnreal,"The AWS Big Data Blog #AWSBigData
https://t.co/7e3OBuhNqS
By: Jeetesh Srivastva and Ripunjaya Pattnaik"
248,2022-02-08 06:41:00+00:00,Vidi_A05,"Meski saat pandemi ada beberapa industri yang berpindah dari Jabar, para investor manufaktur teknologi tinggi tetap bertahan dan banyak yang berdatangan. Kang Emil mencontohkan Amazon Web Services (AWS) yang ada di tiga lokasi dan akan melayani sampai Asia Pasifik. https://t.co/e2ofLlF5vH"
249,2022-02-07 12:50:11+00:00,fahrihussaeni_,"@dafex30 bang fahrel setelah lulus di kelas cloud practitioner aws, lanjut dapet token dari dicoding ga buat study lg ke kelas architecting on aws"
250,2022-02-07 03:23:04+00:00,rizafahmi22,"Tentunya ada beberapa alternatif dari #Kubernetes. Berikut beberapa diantaranya:
- Distributed Cloud Operating System (https://t.co/jPkdNL77dE)
- AWS ECS (https://t.co/Mg2JsPCZhX)
- Docker Swarm Mode (https://t.co/IEzJonAtHo)

(26/~)"
251,2022-02-05 15:16:30+00:00,nandomuggle,"@yasfdany Udah laporan mas ke awsnya, gara2 akunku dihack tagihannya bisa bengkak gini.

Ini saldo udah habis, e card udah tak matiin, sama service aws tak hapus semua"
252,2022-02-04 14:07:36+00:00,rizky_sifaul,"Menarik nih, bahkan sampai dibahas caranya di Oracle Cloud, secara umum mirip banget sama AWS atau GCP. Jadi menarik karena salah satu sponsornya ya si Oracle ini. Nice article bro! https://t.co/D1Q8fqxJM2"
253,2022-02-04 13:00:07+00:00,TekdotID,"AWS janjikan kemudahan migrasi data antar region
https://t.co/gv7M7Wnlmf https://t.co/kInP9ynCAh"
254,2022-02-03 13:21:47+00:00,jooshpn,"@Yudhaaaa_F @brokenfryingpan @ainunnajib @AthiyaD Kalau Data Analysts butuh SQL jg, dan kalau dapetnya di startup harus ngerti environment data pipe line yg di cloud, karna kebanyakan mereka udh migrate kesana, jadi workloadnya &amp; pakai tool dari cloud provider (Google Cloud,AWS yg paling common sih)"
255,2022-02-03 13:13:16+00:00,FindITGeek,"PT Azatra Persada Teknologi sedang membuka lowongan freelance! 

Role : Cloud Engineer AWS
Area : Tangerang Selatan
Jangka Waktu : 1 Bulan

Yuk Apply Sekarang!
https://t.co/KOgDCfK6iB"
256,2022-02-03 12:12:35+00:00,gizmologi,AWS Region Jakarta Perluas Adopsi Cloud untuk Developer Lokal https://t.co/6RIRfKao3d
257,2022-02-03 09:32:14+00:00,ramaramada1,@nandomuggle Udah bang ku langsung lock debit &amp; hubungin customer service aws beberapa kali akhirnya email associatednya balik ke semula
258,2022-02-03 02:36:57+00:00,Reyza04,"nambah koleksi pokemon, semoga ilmunya berkah #cloud #AWS #EVENT #buildersonlineseries https://t.co/6XbwRJhYbE"
259,2022-02-02 15:04:16+00:00,vulnerabilitied,"@txtdrjkt Kalo gapunya cc atau sejenisnya, udemy lebih baik ketimbang edX sama coursera, dan untuk cloud computing itu selain aws ada azure sama gcloud"
260,2022-02-02 12:36:07+00:00,imranfaisal_,"@syahmi_ahmad Tq tuan syahmi. Nmpk la pg td stalk tuan pakai hosting apa. Dulu pakai TMD, skrg pakai AWS. Tp klau baru nk start boleh yry cloud hosting ya dok?"
261,2022-02-02 09:53:58+00:00,eliterycloud,"Elitery bersama AWS berhasil mewujudukan smart city di provinsi Jawa Barat. Kerjasama ini patut dipuji dan ditiru oleh pemerintah provinsi lain karena sangat menginspirasi.

Hubungi kami di https://t.co/iddvKpSSEL sekarang juga.

#elitery #aws #cloud #smartcities #infrastructure https://t.co/Boke2QzRU0"
262,2022-01-31 03:08:18+00:00,rizafahmi22,"Di #AWS bisa menggunakan Elastic Container Service untuk mengelola #kontainer, EC2 atau Fargate sebagai hosting dan Elastic Container Registry untuk repositori image kontainer.

(20/~)"
263,2022-01-31 03:07:27+00:00,rizafahmi22,"Kita sebenarnya bisa memanfaatkan compute engine seperti EC2 atau VM lainnya. Namun banyak hal harus dilakukan manual: instalasi #docker, os, spesifikasi perangkat, jaringan dll. Menggunakan container service lebih disarankan seperti Cloud Run #GCP atau ECS #AWS dll.

(18/~)"
264,2022-01-30 10:47:47+00:00,akusukadoa,"Makasih @dicoding atas kelas gratis Cloud Practitioner Essentials (Belajar Dasar AWS Cloud) nya

https://t.co/2RVfShWXU5"
265,2022-01-30 06:50:25+00:00,FoundDev_HQ,Job: Data Enginer - Dubai or Remote #Data #Infrastructure #Support #AWS https://t.co/AiynZO1tHG
266,2022-01-29 03:29:54+00:00,inashdeen,"Web3.0 mula menarik perhatian memandangkan orang da mula takut dengan server berpusat mcm AWS. Filecoin dan arveweare adalah ok tp x smua org nk simpan data dlm blockchain. Jd Greg Osuri mencipta Akash (AKT), sistem sewaan server secara desentral"
267,2022-01-28 15:04:45+00:00,luthfi_anandra,Dasar Konfigurasi Membuat Resource Amazon Web Services (AWS) via Terraform Cloud https://t.co/WX6wuVUaBW via @seskiramadhan
268,2022-01-28 01:57:04+00:00,hafidz98,@dicoding Cloud Practitioner AWS kyknya wkwk
269,2022-01-26 23:00:03+00:00,ICTerGezocht,AWS Data Engineer (INTERIM) #ict #vacatures #denhaag #data #awsdataengineer https://t.co/KxNURhmoLO
270,2022-01-26 21:03:04+00:00,ai_jobsNET,HIRING: Conversa Sr. DevOps / Cloud Data Engineer / Remote - https://t.co/bAcWl7uPq1 #AI #MachineLearning #DataJobs #Jobsearch #MLjobs #bigdata #DataScience #AIjobs #techjobs #TechTalent #hiringnow #AWS #ETL #Kubernetes
271,2022-01-26 13:13:04+00:00,thingsofiot,"Merck  is hiring a AWS Cloud Engineer - Bengaluru, Karnataka https://t.co/Z06IKd1lVO #iot #iotjobs #internetofthings #iiot"
272,2022-01-26 11:02:57+00:00,TopKarir,"Nah, buat kamu yang mau belajar lebih dalam seputar  Information Technology (IT), yuk ikutan pelatihan GRATIS &amp; dapetin hadiah total 12 juta untuk 6 orang pemenang di “Meet The Expert” persembahan Amazon Web Service (AWS)

Cek informasi selengkapnya di https://t.co/BOuLLFrnK3 https://t.co/VHQNUrNRnX"
273,2022-01-26 06:41:51+00:00,cnbcindonesia,Komitmen AWS Hadirkan Layanan Cloud Berkualitas di Indonesia https://t.co/SYWLag4JO3
274,2022-01-26 06:00:46+00:00,AQIndonesia,Data center yang dinamai AWS Asia Pacific (Jakarta) Region ini memakan nilai investasi yang cukup fantastis yaitu total 5 miliar dollar AS (sekitar Rp 71 Triliun) untuk kurun waktu 15 tahun ke depan. https://t.co/Uev3Y7khMO
275,2022-01-26 05:18:46+00:00,cnbcindonesia,Layanan Cloud AWS Bagi Optimalisasi Bisnis Era Digitalisasi https://t.co/j1cQUalzei
276,2022-01-25 17:50:12+00:00,AWScwoud,"Amazon Manyaged Stweaming fow Apache Kafka (Amazon MSK) is Nyow Avaiwabwe in Asia Pacific (Osaka)

You can nyow connyect youw Apache Kafka appwications to Amazon MSK in the Asia Pacific (Osaka) AWS Wegion. UwU ... https://t.co/0eASUSDsRJ"
277,2022-01-25 16:08:26+00:00,estepanli,"Role di kantor sebagai project manager sekaligus product consultant
Role di side project sebagai project manager, qa, devops, video editor, sama digital marketer
Sekarang lagi belajar aws cloud otw dapet sertif

Yang mau mempekerjakan aku silahkan 50 jt per bulan nego tipis"
278,2022-01-25 14:55:06+00:00,dennyalfani,"Architecting on AWS (Membangun Arsitektur Cloud di AWS) https://t.co/06D6PC2fvi  terimakasih 
@dicoding @AWS_Edu"
279,2022-01-25 13:45:41+00:00,AidFawzal,"@TaufiqAr AWS kat Malaysia tu server S3 atau ada H2 untuk high performance computing (HPC)?? 

Saya tanya sebab tengah fikir kalau saya bukak syarikat kat Malaysia, saya nak buat cloud based computing."
280,2022-01-25 13:32:11+00:00,TaufiqAr,"💯, walaupun saya ada cara lain sikit. Hari ini dah masuk kali ke 3 Amazon Web Services (AWS) cari. Yang penting masuk bidang yang korang passion, takpe mula dari pencacai pun takpe, sabar dan passion yang penting. https://t.co/R2LX9WkSQq https://t.co/NylvlnTllZ"
281,2022-01-25 11:38:19+00:00,thingsofiot,"Securonix, Inc. is hiring a AWS Cloud Architect - Bengaluru, Karnataka https://t.co/957aZsNpmG #iot #iotjobs #internetofthings #iiot"
282,2022-01-25 11:00:55+00:00,noagjie,"akun q sdnk dlm proses copy data, smg pas udahan semuanya ke copy sampe ke fyp fyp-nya 😔😔 4 hari cuy aws aj luhk https://t.co/zVjaYYRmgt"
283,2022-01-25 06:22:53+00:00,KompasTV,"Bagaimana prediksi versi Amazon Web Services (AWS) soal prospek ekonomi digital Indonesia di masa mendatang? 

Ikuti pembahasannya dalam #BTalkKompasTV hari ini pkl 20.30 WIB di KompasTV bersama Amazon Web Services dan sejumlah narasumber #Ad 

Streaming: https://t.co/rUTSoY8ekA https://t.co/HZSnwUyxjY"
284,2022-01-24 01:10:21+00:00,seskiramadhan,Dasar Konfigurasi Membuat Resource Amazon Web Services (AWS) via Terraform Cloud https://t.co/ntWk6aL5vl
285,2022-01-22 20:30:03+00:00,ICTerGezocht,AWS Data Engineer (INTERIM) #ict #vacatures #denhaag #data #awsdataengineer https://t.co/DYYvPtBmsM
286,2022-01-22 18:27:16+00:00,Indiametdept,"Rainfall AWS data of Delhi Stations (From 0830hrs IST to 2330 hrs IST)
Narela 8.5 mm; Najafgarh 10.0 mm; UJWA KVK  16.0mm; Ayanagar 19.0mm; Lodhi Road 18.0mm
Observatory data (From 0830hrs IST to 2330 hrs IST) 
Safdarjung  19.3 mm; Palam 19.4 mm."
287,2022-01-21 10:38:04+00:00,KompasTV,Provinsi Bali Kejar Transformasi Digital Pulau Pintar dengan AWS Cloud https://t.co/kIHrhWHgt8 https://t.co/1kmiBlWxbQ
288,2022-01-20 12:21:01+00:00,SydAlawie,"Baru aja nyelesain kelas Cloud Practitioner Essentials tapi belom lulus, pas banget ada acara AWS X Dicoding sembari nunggu sejaman lagi buat bisa retake ujian akhirnya.
 https://t.co/F22gCRhAKX lewat @YouTube"
289,2022-01-20 10:38:20+00:00,writexero,"@bersuarsuara @PNS_Ababil @PNS_Garis_Lucu @pugsemangat3 google cloud n aws amazon sdh ada dc ID . meskipun gtu, mending adaiin server sendiri bisa bayar harga mercy dapat spek bajay plus dpt ceperan banyak bonus macbook iphone dll buanyaakkkk lah 🤣🤣🤣"
290,2022-01-18 12:55:19+00:00,NomanGulKhan,"Alhamdulillah, AWS Certified Cloud Practitioner! @awscloud https://t.co/Qyw4zhgn5z"
291,2022-01-17 15:13:03+00:00,dyrulsmd,Is AWS relevant ke kat Malaysia? Kecewa betul bila Amazon bukak dekat Indonesia instead of Malaysia https://t.co/2IhSyWNbqc
292,2022-01-17 14:12:17+00:00,syahmie_14,"@aminulahmad2795 Jika ke arah cloud, jgn lupa juga utk ambik cert especially aws. Once dh power aws, semua cloud dlm tangan. Sedikit mahal tp will make u worthy enough."
293,2022-01-17 12:41:07+00:00,kikikikuk8,"@kring_pajak ,
PT. ada transaksi dg AWS (amazon Web service ) melalui transaksi PMSE atas produk digital, ini apakah kita potong PPh 26?
Dan PPNnya katanya bisa dikreditkan, kita pakai kurs tengahnya pajak pd saat tgl invoice? Atau pakai kurs tengahnya BI?"
294,2022-01-15 03:12:03+00:00,InfoKomputer,AMD EPYC Generasi ke-3 jadi andalan AWS untuk komputasi cloud HPC - https://t.co/4YewOm5JuW https://t.co/VzD4LibvAW
295,2022-01-14 16:33:46+00:00,xyrzly,Weh gue belajar AWS atau cloud lain lagi ya? Keknya seruu🤣
296,2022-01-13 02:51:00+00:00,rizafahmi22,"Ada lagi yang namanya function as a service atau #FaaS. Biasanya ini dikaitkan dengan konsep #serverless, yaitu sebuah konsep untuk menjalan kode dalam bentuk satu atau banyak fungsi tanpa perlu mengelola server. #AWS punya Lambda, #GCP punya Cloud Functions.

(15/~)"
297,2022-01-13 00:23:17+00:00,khibranalhz,"GCP vs AWS Cloud

Pinternya raksasa kaya google, mereka ngasih pelatihan gratis dengan hadiah untuk peserta yang berhasil nyelesain quest.

Karena makin banyak developer / engineer yang familiar sama system mereka, semakin mendominasi juga produknya di pasar cloud computing."
298,2022-01-12 07:55:30+00:00,encepdenis,"@Sugiyan61442128 Iya Mas, Data AWS dari Mas @abay130 ini mantap anginnya, Mas.
https://t.co/eriLfe1UcO"
299,2022-01-12 07:51:32+00:00,encepdenis,"@abay130 Wah bisa akses data AWS gini Masnya, jarang-jarang nih ada yg bisa akses. Kalau berkenan, gerak dibidang apa Mas?"
300,2022-01-12 02:58:00+00:00,rizafahmi22,"Kemudian muncul juga beberapa istilah baru seperti backend as a service atau #BaaS. BaaS memungkinkan kita membangun aplikasi tanpa butuh mengembangkan backend. Beberapa contoh yang termasuk kategori ini diantaranya #Firebase, #Parse, #Qore, #AWS Amplify dll.

(14/~)"
301,2022-01-11 11:11:57+00:00,nebula130,"@encepdenis Iya mas, data AWS.. td sore ujan deres bgt skrng tinggal gerimisnya"
302,2022-01-11 10:37:06+00:00,ahinseen,"@ezash Cloud Engineer yang punya sertifikat dari AWS di Indonesia masih bisa dihitung jari, giliran dapet harganya WOW banget 😂"
303,2022-01-11 08:24:00+00:00,encepdenis,"@abay130 Wah, data AWS ya ini?
Iya, anginnya jadi kencang karena tarikan dari Tekanan rendah di Selatan Jatim."
304,2022-01-11 04:27:20+00:00,Joe_phiz,@Jake_El_Rey @brettmanning18 @NextGenStats @awscloud Data: https://t.co/wH5uUbZixn
305,2022-01-10 05:11:46+00:00,happybadila,"@musaamin @linode Mantap Kak, ini berlaku untu semua VPS dan cloud semacam AWS kah ?"
306,2022-01-10 02:56:00+00:00,rizafahmi22,"#PaaS atau platform as a service adalah abstraksi selanjutnya. Dengan menggunakan PaaS, proses deployment menjadi lebih mudah. Tulis kode lalu upload. Urusan os, perangkat lunak, jaringan dll sudah diotomasi. Heroku, #AWS Amplify atau Google App Engine contohnya.

(12/~)"
307,2022-01-09 03:01:24+00:00,rizafahmi22,"Mari kita bahas satu-per-satu. #IaaS atau infrastructure as a service adalah fondasi #komputasi #awan. Semua infrastruktur dasar yang sudah dibahas sebelumnya yang dapat digunakan melalui jasa yang ditawarkan perusahaan seperti #AWS, #GCP, #Azure dll.

(11/~)"
308,2022-01-08 22:00:03+00:00,ICTerGezocht,AWS Data Engineer (INTERIM) #ict #vacatures #denhaag #data #awsdataengineer https://t.co/MmMgqJOkaU
309,2022-01-08 14:39:59+00:00,fuyufiquu_,"i dont get any of this shit sia. power bi, aws, data analytics, semua nak kena baca sendiri. lecturer takde ajar langsung ape ke babi semua ni T-T"
310,2022-01-08 05:10:42+00:00,akukansudah,"@AREAJULID oh gak usah email deh. netflix yang sering kalian tonton itu data nya on cloud.
google cloud, aws, microsoft azure, mereka punya server cloud untuk cloud storage global. pake energy, pake listrik, database nya pun besar, netflix movie pula, jadi anything what we do need energy."
311,2022-01-08 04:29:01+00:00,adnfrdaus,"Keamanan server Indonesia sangat lemah, kenapa ga pakai cloud computing kaya aws sih, kalau bocor kan yang dirugikan rakyatnya #Indonesia #keamanan #siber"
312,2022-01-08 00:57:42+00:00,paguman,"@SiAndi_ Yaa klo cloud siih semua provider bs ambil data cmn kenapa harus huawei, setau gw klo pemerintah cloud nya harus ada di indo. Setau gw yg udah ada region indo cmn alibaba cloud,google cloud sama aws (amazon)."
313,2022-01-07 05:57:37+00:00,afriiizal,Sertifikat Kelulusan kelas Cloud Practitioner Essentials (Belajar Dasar AWS Cloud) https://t.co/SGxw1NzfeH via @dicoding
314,2022-01-07 04:51:11+00:00,Arceister,@codingfess Pake cloud provider gede kaya AWS atau GCP. Setau aing Gojek GCP deh(?)
315,2022-01-07 04:41:32+00:00,ramenblaster,"@codingfess Coba kenalan dengan cloud provider.. 

AWS, GCP, Azure.. 

Trus berurusan dgn kubernetes dkk 🤪"
316,2022-01-07 04:22:09+00:00,rfmodric,"@codingfess on demand paling kalau kaya mereka, kek kasus kemarin ketika ada data center yang kebakaran beberapa service nya ngikut down. pake layanan kayak aws atau apa gitu paling"
317,2022-01-07 03:10:59+00:00,rizafahmi22,"Komponen berikutnya adalah basis data untuk menyimpan data yang lebih dinamis. Ada banyak jenis dan fungsinya. Mulai dari yang relasional, non-relasional, key-value store dll. RDS, Aurora, DynamoDB yang tersedia di #AWS atau Cloud SQL, Firestore, BigTable yang ada di #GCP.

(7/~)"
318,2022-01-07 03:10:36+00:00,rizafahmi22,"Komponen kedua adalah ruang penyimpanan atau storage. Dapat digunakan untuk menyimpan file yang jarang berubah seperti gambar, audio, video atau file yang diunggah oleh pengguna. Di #AWS dinamakan Simple Storage Service atau S3, sedangkan di #GCP dinamai  Cloud Storage.

(6/~)"
319,2022-01-07 03:10:26+00:00,rizafahmi22,"Beberapa contoh compute engine ada Elastic Compute Cloud atau EC2 dari #AWS. Servis yang sama di #GCP dinamakan Compute Engine. Tentunya banyak penyedia servis serupa seperti #digitalocean hingga penyedia jasa lokal seperti #idcloudhost

(5/~)"
320,2022-01-06 15:52:43+00:00,DeyMaudyan,"@fransallen Hi! Buat developer2 yang lagi mau ngulik2 cloud especially for AWS atau GCP, atau mau tanya dan pengen dapet free Credit juga bisa kontak gue ya. Thankies!! 🤓"
321,2022-01-06 14:37:20+00:00,RashCD91,banyak service yang manage database ni sebenarnya guna aws je pun. but of course aws tu nak mahir pun kene certificate
322,2022-01-06 11:04:38+00:00,betterfox1,"@hrdbacot Klo automation yg saya tau pabrik² skrg udh mulai kesitu. Untuk urusan cloud ada aws dan sejenisnya. Trus utk IoT ada Hara yg bererak di bidang pertanian dan pangan, eFishery di bidang aquakultur, dan Qlue yg bergerak di bidang smart city. Cmiiw."
323,2022-01-06 09:12:34+00:00,Reyza04,Sertifikat Kelulusan kelas Cloud Practitioner Essentials (Belajar Dasar AWS Cloud) https://t.co/KIZkJcJfoo via @dicoding
324,2022-01-06 00:03:22+00:00,DevOpsRemote,HIRING: Senior Data Reliability Engineer / Canada - Toronto - https://t.co/2OHi6dox6H #DevOps #Infrastructure #Automation #DevOpsJobs #Engineering #EngineeringJobs #CICD #techjobs #TechTalent #hiringnow #AWS #Hadoop #Java #Python #Redshift #S3 #SQL #Scala
325,2022-01-05 00:00:03+00:00,ICTerGezocht,AWS Data Engineer (INTERIM) #ict #vacatures #denhaag #data #awsdataengineer https://t.co/ucnKn0pyho
326,2022-01-04 22:40:15+00:00,elchefe,@CTOAdvisor @QuinnyPig @awscloud All data transfer
327,2022-01-04 06:48:08+00:00,RajaAde1,"Bersama Dicoding saat ini saya sedang menjalankan Study Class beasiswa 
Cloud Practitioner Essentials (Belajar Dasar AWS) dan Memulai Pemrograman Dengan C Oleh Dicoding Indonesia"
328,2022-01-04 06:30:22+00:00,snackynicky,"@whiskybarspaces 😏 Ippothiku engaluku therinja #cloud...☁️
#AWS 😜 https://t.co/5ia1Gil2kG"
329,2022-01-03 21:47:04+00:00,dicerod,AWS Launches Data Centers in Indonesia - Datamation https://t.co/y9pcoZB11n https://t.co/ivVhXBykwe https://t.co/NTu32YIu6U
330,2022-01-03 18:18:48+00:00,AureliaMawar,AWS Launches Data Centers in Indonesia | Datamation https://t.co/oQjQhUExZV
