,Date,User,Tweet
0,2022-04-17 01:01:21+00:00,Marianing8,"@worksfess Butuh course tableau, pyhton ama sql yg rekomen. 
Kemaren udah beli googleanalitic ama ada satu lgi :'"
1,2022-04-16 23:20:32+00:00,dyo_uchi,"@ozeanregen Anjir beneran, aku pas akhir tahun juga beli jadi 99k.
Bagus banget.
Cuma course ini jawabannya terlalu baku, aku nyoba yang SQL, jawabannya bener tapi karna ga sesuai urutan langsung salah padahal ga ada ketentuan nya"
2,2022-04-16 15:15:39+00:00,mufqam,@saltykittenz @pacarchanyeolll @worksfess boleh rekomen yt atau course gratis sql ga kak?🙏🏻
3,2022-04-16 06:25:08+00:00,wkyarjn,@worksfess boleh tau ambil course sql itu dmn?
4,2022-04-16 06:20:58+00:00,0xayang,melihat ini ku jadi mau ambil course sql phyton lagi 🥲🥲🥲🥲 https://t.co/pWpA700g4K
5,2022-04-13 09:25:00+00:00,worksfess,Work! Klo beli course datacamp buat belajar sql sama python worth ga ya? Apa ada saran course lain yang worth to buy?
6,2022-04-12 10:03:40+00:00,karirfess,Kr! Klo beli course datacamp buat belajar sql sama python worth ga ya? Apa ada saran course lain yang harganya masih lumayan terjangkau?
7,2022-04-12 01:56:43+00:00,codingfess,"code;
aku belajar coding mulu tapi pas bikin skema database masih bingung gimana best practicenya. saran course untuk SQL Database Design dong guys, yang free/berbayar.
tia"
8,2022-04-06 02:39:12+00:00,sodontgetblue,"@karirfess Aku masih belajar nderr. Pelajarin sql, python, ama r. Buat visualisasi belajar tableau atau power bi atau google data studio. Kalo course bisa dari datacamp atau dqlab"
9,2022-04-05 10:46:31+00:00,revoudotco,"RevoU
Mini Course Data Analytics
https://t.co/OoeZRLU6KT 

Durasi: 2 minngu
Bahasa: Bahasa Indonesia
Biaya: FREE + dapet sertifikat!
Skill yang akan didapetin: Basic Excel, SQL, Python, Data Visualisasi, dan masih banyak lagi!"
10,2022-04-03 09:30:57+00:00,izzako_,"@karirfess kaggle ada course gratis, kalo mau belajar python/SQL"
11,2022-03-31 02:42:37+00:00,nuruIhani,aku syak aku kena ambik course yang os and sql related sumpah rasa bengap nak mampus
12,2022-03-29 15:40:52+00:00,Queuery_,"mending ambil mini course seru nan lucu saja sembari ngerapihin porto, kalo lanjut bab besar ky sql kek nya langsung pusing pala."
13,2022-03-23 15:13:10+00:00,mdwikiar,@andriyand__ Udah pernah ambil course SQL?
14,2022-03-19 06:45:00+00:00,worksfess,Work! Halo temen temen disini ada yang tau course online/bootcamp/ channel yt buat belajar R Studio atau SQL secara free tidak ya ? Untuk mengasah skill fg buat kerja. terimakasih
15,2022-03-11 01:07:56+00:00,ammaralendra,"@sbmptnfess kalo SQL mah ikut course aja nder, atau ga otodidak baca² dokumentasi"
16,2022-03-06 13:57:06+00:00,Mathzino_,"yang sql udah mau habis, ikut course malah pakek nosql 😅 https://t.co/kMZTqwq8zO"
17,2022-03-06 12:09:17+00:00,mfaisalafif,"Perlu review ulang course sql lagi kalau gini mah, baru masuk aja udah diminta siap-siap buat ngakses db 😅"
18,2022-02-24 17:45:20+00:00,miniematrix,"Besok acaraku mau lanjutin course sql, klo udh sampe intermediate lanjut introduction python 🥰"
19,2022-02-18 10:55:11+00:00,Rosefarisjohari,"@peja0017 belajar SQL/pyhton tu by enroll short course ke? saya berminat juga dgn industry ni, skrg study basic je dkt datacamp dulu. Kalau ada course yang berbaloi boleh la share bro 🙂"
20,2022-02-15 12:03:21+00:00,codingfess,code; ada saran course gratis buat belajar sql advanced? yg ada penjelasannya juga kalau bisa. makasih!
21,2022-02-15 03:12:22+00:00,izzako_,"@akuanaghbaik @hrdbacot aku ikut coursera sih nder, tapi mungkin ada web course lain yang bisa dipake jg. untuk data analyst gitu selain yg di kuliah, bisa belajar SQL, excel, python/R, sama tools data viz kaya tableau atau powerBI. buat latihannya bisa bikin personal project pakai data kaggle gitu"
22,2022-02-10 08:24:19+00:00,inginchill,@nichoanan Gua jg buta SQL bgt kollll 🥲 belajar online course bs ga y?
23,2022-02-07 08:53:51+00:00,karirfess,"Kr! pengen banting setir jadi data scientist, tapi mau mulai sbg project sampingan/freelance dulu gitu tanpa resign kerjaan yg sekarang. Tapi bingung mau mulai dari mana, udah ikut bbrp course ttg materi2nya, skill sql sama python masih dasar and still continue learning. (cont)"
24,2022-02-03 16:36:51+00:00,worksfess,Wrk! Guys ada yang tau ga free online course buat belajar SQL buat reporting and analysis? Info dongg
25,2022-01-30 01:26:36+00:00,veelametrine,"@worksfess Kalau kamu udah punya basic mtk, it’s a good start. Soalnya data analyst/scientist emang hrs kuat di bagian mathnya. Kamu tinggal pelajarin bagian programmingnya. Mostly harus bisa R/python. Dan harus bisa DB, at least ngerti syntax SQL. Buat ini udah banyak free online course"
26,2022-01-25 04:31:52+00:00,nisyatr,"@baneey_ @chachaorwaltz Halo kak, boleh nanya ga? Jadi aku baru banget mau belajar SQL dll dan kebetulan aku liat tweet ini. Untuk Kaka sendiri belajar nya lewat course atau liat-liat di YouTube gitu? Soalnya aku bingung mau mulai darimana"
27,2022-01-22 13:17:37+00:00,rubahcungkrin9,"Saya menyelesaikan SiQiL, sikilll sikilll..

I just completed the course ""Introduction to SQL""! https://t.co/2DDkftQUZL lewat @DataCamp"
28,2022-01-19 08:58:43+00:00,fortunedopiri,"Ikut course dqlab/udemy/datacamp/Coursera nderr, bljr basis data dulu di SQL, analisa datanya bljr programming pake R atau Python, kalo visualisasi datanya bljr powerBI/Tableau/google data studio. Ilmu analisa datanya : Statistika 🤗 https://t.co/e98Z6QJLWe"
29,2022-01-14 01:19:09+00:00,yngvarrepic,@dwieka_ken Aku juga lagi banyak beli course disitu belajar python sm sql 🥲
30,2022-01-14 01:05:08+00:00,dwieka_ken,"Lg masuk di fase kranjingan beli2 course di udemy, menurutku proses mencari jati diri jg sih sampe nemu feel yg bener2 pas buat ditekuni. Asli keinget dl beli datacamp setahun buat belajar sql yg gatau fungsinya buat apa, yok mimpi besar effort besar yok ❣"
31,2022-01-12 12:23:00+00:00,duhapayakk,"Padahal sebenernya itu accident, salah ambil course. Niatnya html css, tapi malah kepilih yang SQL. Jadi yaudah jalani saja walaupun banyak bingungnya 😀"
32,2022-01-12 12:22:59+00:00,duhapayakk,"Progate, SQL. Waktu itu sama sekali belom diajarin di matkul basis data. Jadi ini belajar duluan, trus jadi hah heh hoh. Tapi akhirnya gua catat karena udah ngerasa bakal ketemu ini, trus akhirnya lulus course nya. Dan beneran ke bantu pas udah ketemu materi sql di basdat https://t.co/BihiLkFz24"
33,2022-01-02 10:07:38+00:00,jy_nist,Ada ga sih course python atau sql bersertifikat yg murce dan terpercaya😅
34,2022-01-01 11:25:09+00:00,codingfess,"Minta saran dong course (berbayar atau channel youtube) tentang SQL.. udah belajar untuk digabungkan dg php sebatas CRUD, JOIN, dan subquery tp masih berasa kurang gitu sama kemampuan tmn wkwk, thx! Code;"
