,Date,User,Tweet
0,2022-04-15 14:10:07+00:00,fathoniofficial,"@Galuhakhdandika Cara bikin UI/UX di Figma mas, soalnya mnrtku kayak lebih banyak yang bisa digali dr Figmanya sendiri, nanti di akhir mungkin bisa dikasih project atau sejenisnya buat latihan peserta, tapi ini jatuhnya malah webinar + kelas online 🙏"
1,2022-04-15 06:04:57+00:00,idhamarsyd,"@DesignersHalo love the way UIUX bisa diaplikasiin ke hampir semua industri even into the small daily life (apply UX ke presentasi kelas, apply UI ke desain produk, dsb). hate when struggle to find the best practice untuk design process dan dokumentasiinnya."
2,2022-04-14 16:17:55+00:00,ARF_9,"@midnightcooler @worksfess Hello, boleh ikut untuk ui /ux course classnya kak? Tertarik buat belajar. Kayaknya kl kelas lebih menarik karena akan ada project2 mininya langsung abis hands on"
3,2022-04-13 07:40:46+00:00,Nadzifatul321,"@worksfess mau nanya kalau buat kelas  yang free khusus di bidang UI/UX design tu dimana ya, lagi nyari banget terimakasi☺️"
4,2022-04-10 04:09:37+00:00,valsforjj,"1. sistem informasi
2. nggaa soalnya online terus, tp lebih ke ninggalin tidur pas kelas wkwk
3. ngga
4. prodi gw gaada himpunan
5. apa ya... semua yg ngoding pls wkwk
6. interaksi manusia dan komputer seru abiss!!! design ui/ux!!
7. gapernah nyatet😶
8. gaikut ukm tapi bem https://t.co/eGcWHjMrza"
5,2022-04-09 12:24:38+00:00,_doubledy,"@DesignersHalo Aku suka design sejak kelas 2 SMA, lalu lanjut mendalaminya. Ambil SNMPTN dan UTBK tapi ga lolos akhirnya memilih PTS kecil di sekitar tempat tinggal prodi Teknik Informatika. Lama-lama aku mulai ngerasa ga cocok sama coding, tapi sekitar semester 3 aku kenal UI/UX Design."
6,2022-04-08 15:37:05+00:00,Sapimelahirkan2,"@DesignersHalo Mau banget, karna saya lagi nekunin Bidang ui ux. Selama proses saya belajar saya paling kesulitan dalam nge ui web karna rasionya yg luas dan layout/component apa saja yg bisa taruh diweb. Dengan adanya kelas gratis ini ngembangin banget. Bismillah semoga dapet,"
7,2022-04-08 15:03:30+00:00,dianihsn,"@DesignersHalo Dengan ikutan kelas, semoga saja bisa menjawab pertanyaan saya yang tidak ditemukan di Google 😅 dan menambah challenge untuk belajar UI/UX biar terasah skill problem solvingnya juga. That's all. Thank youu and good day 😊"
8,2022-04-08 12:44:02+00:00,royanbaeh,"@DesignersHalo Belajar buat mock up, terus ke Adobe XD, sampe akhirnya Figma. Aku juga mulai belajar dari para profesional melalui webinar, workshop, kelas online, dll. Setelah didalami lagi, UI dan UX ternyata punya peluang besar untuk karier."
9,2022-04-08 09:24:57+00:00,crkdyoun6,"@DesignersHalo Mulai belajar UI/UX Design karena dari kuliah ga pandai2 ngoding tapi mau tetap karir di IT, sekarang IT Product Specialist tapi belajar otodidak UI/UX sembari nanya2 ke tim UI/UX di kantor, semoga menang kelas gratis ini supaya bisa lebih banyak belajar di bidang UI/UX 😁🤞"
10,2022-04-03 12:16:52+00:00,wakingupat2am,"@marjono__ @hrdbacot @ezash @srl789 saya mas, kuliah di geofisika ui semester 6 sambil kerja sebagai UI/UX Designer di salah satu start up di bidang marketplace games. cara bagi waktunya yg penting izin sama PM ataupun temen2 product kalo ada kelas di jam2 tertentu. yang penting selalu ikut brief dan task selesai"
11,2022-04-02 08:16:33+00:00,Asa_sa18,"Kalian udh pada ikut/ nyari2 kelas programing, desain web, UI/ux, marketing, gitu2? Nyari dimana ya? Pengen ikut"
12,2022-04-01 17:12:41+00:00,pandachan28,"dari nulis akhirnya belajar kemana2 bisa marketing, desain, bahkan programming
terus coba ikutan kelas gratis prakerja soal agile, content writing sama UI UX design. Ikutan juga webinar bisnis sama program gratis dari lingkaran. Sumpah worth it bgt."
13,2022-04-01 09:51:03+00:00,1000startupID,"#SekolahBeta Kelas Daring - Hipster: UI/UX Designer in a Small Team

Temukan wawasan seputar UI/UX designer pada sebuah tim kecil dan bagaimana kamu bisa menggali potensi untuk menghadirkan UI/UX design yang baik. 

Selengkapnya: https://t.co/DDBsdmw7wg https://t.co/VLejTRQsvG"
14,2022-03-31 18:57:16+00:00,rasyidaud,"Beli laptop bagus sikit. Lepastu masuk kelas dan ambik certificate in digital job (programming, UI/UX etc). Boleh freelance

Masa muda muda ni, probably the best investment is gaining knowledge and certificate. Tak kisah field apa pn

Lagi banyak belajar, lagi tinggi salary range https://t.co/VYLk6dVjK1"
15,2022-03-30 06:40:23+00:00,harisenincom,"UI/UX Designer &amp; Product Manager 

 Pada pembelajaran UI/UX &amp; Product Manager, student akan dibekali mengenai pengenalan dari nol. Jadi untuk kamu yang tidak memiliki background di bidang UI/UX juga sangat bisa bergabung di kelas ini! https://t.co/MvRTau6fMQ"
16,2022-03-25 10:20:46+00:00,mau_ngabyss,"@codingfess setelah bisa accept myself dan nemu aku tertarik di bidang apa (FE, UI/UX), mulai motivated deh, rajin ikut kelas ini itu walau di luar jam kuliah. karena kadang yg bikin demotivated itu ""ekspetasi"" kita terhadap diri sendiri (misal pengen jadi jago bgt).."
17,2022-03-24 10:25:53+00:00,agunghariyant0,"@GeorgeWasintown @detikcom masa sih smartphone boleh dibawa siswa SMP ke dalam kelas saat KBM. Jika dianggap sebagai media ajar, untuk media pembelajaran dan ketrampilan apa yg membuat siswa SMP perlu membawa smartphone ke dalam kelas? UI/UX, mobile programming, Rekayasa Perangkat Lunak, atau algorithm?"
18,2022-03-21 13:22:58+00:00,reitrotape,Ngikut kelas ui/ux design emang bikin stres
19,2022-03-15 03:06:26+00:00,owllsapphire,@myskill_id min wkwk aku kira bakal promosi kelas digital marketing tadinya soalnya menyangkut brand marketing ternyata ui ux wkwk mantappp
20,2022-03-10 11:18:10+00:00,afealfiani,Keknya pengen ambil kelas ui/ux writing wkwkwkwk
21,2022-03-08 12:18:09+00:00,myskill_id,"1. Belajar UI/UX Design by Udemy
totalnya ada 6000 kelas yang bisa kamu ikutin secara gratis, dimulai dari UI/UX dasar hingga topik-topik lain yg ga kalah seru mengenai UI/UX 

Link : https://t.co/cHJAHht4FQ"
22,2022-03-08 06:30:56+00:00,nyacatchan,"*me ikut kelas ui/ux
me: .....
me: .....
dosen: 'nya' mana nih, satu2nya cewek dikelas tolong presentasi

*me panic
inner me: njir berasa jadi mc otome game"
23,2022-03-03 01:21:08+00:00,ammanah,"Dulu waktu awal-awal perkenalan di kelas ui ux, ditanyain sama Mas Akbar, fasil di kelas. 

""Perkenalan dong mba, sebutin juga ya fun fact nya mba"""
24,2022-03-01 15:15:10+00:00,prohibitedcrush,"mo ngambil kelas ui/ux sama desgin, pas ngeliat requirement pake bahasa inggris. modar"
25,2022-02-28 16:26:41+00:00,NabilTaki92,"Aku dan wife start lebih serius untuk setiap hari khusus setiap malam utk masuk kelas online dan upskill, setiap hari memang akan spend 2 - 3 jam utk upskill. Aku bangga dengan wife aku skill design wife makin baik. Dan aku akan sentiasa support. Skrg pun dia tgh blaja UI/UX"
26,2022-02-24 01:12:22+00:00,codingfess,code; ada yg ikut DTA kelas UI/UX ngga disini? klo mau download bukti pendaftaran gimana ya? waktu itu ke close pas udh berhasil daftar ga sempet download dlu bukti pendaftaran. trus pengumumannya klo DTA melalui apa dan kapan? terima kasih
27,2022-02-22 01:50:34+00:00,nyacatchan,&lt;&lt;&lt; anak ini baru sadar kalo dirinya adalah satu satu-nya mahasiswi di kelas ui/ux😳💦 https://t.co/VHfW0mNNv7
28,2022-02-22 01:46:25+00:00,nyacatchan,"me: yg join kelas ui/ux 13 anak? kyknya gw kena solo lagi-

dosen: ini satu kelas 13 anak saya jadikan satu kelompok aja ya

me: https://t.co/X1rNTRGBSM"
29,2022-02-19 04:25:01+00:00,worksfess,work! aku fg dan lagi butuh banget belajar digital marketing dan ui/ux. aku udah nemu course nya tp cuma bisa mampu ikut 1 kelas aja antara digital marketing atau ui/ux. temen2 boleh minta masukannya gak? terima kasih
30,2022-02-19 04:10:01+00:00,worksfess,work! lg butuh banget belajar digital marketing dan ui/ux. aku udah nemu course nya cuma karena aku hanya bisa mampu bayar 1 kelas aja. temen2 boleh minta masukannya gak? terima kasih
31,2022-02-16 07:13:32+00:00,chipchromelove,this tweet passed through my tl ketika gue lg ngerjain kuis course ui/ux dan abis nanyain kelas bhs korea ke faila sambil ngescroll twitter buat catch up nyfw https://t.co/BVid5EWj8Q
32,2022-02-16 04:34:14+00:00,brownzbear,"ada kelas digital marketing, english for professional, UI/UX, Graphic design, HR, dan lain-lain. Banyak kan?"
33,2022-02-16 03:50:53+00:00,Octafiansyah8,@itsfebriary yah asik banget bisa ikut kelas ui ux
34,2022-02-15 06:55:40+00:00,roy_donly,Geser ke UI/UX . ambil kelas di Binar Academy . WML https://t.co/4daZM93BcI
35,2022-02-14 12:58:53+00:00,codingfess,Saran kelas buat belajar UI/UX berbahasa indonesia yang bagus dong kak. TIA. Code;
36,2022-02-12 03:55:09+00:00,ammanah,"Yaudah deh, insyaf. Sebagai gantinya, seminggu ini mau beneran ngulik ttg ui ux design. Mumpung masih ada 1 bulan lagi kelas berjalan"
37,2022-02-11 06:08:06+00:00,HaflaniNafisah,Ketahui 5 Keuntungan Ikut Kelas Desain UI dan UX di Binar Academy https://t.co/A1UWv4Aiav
38,2022-02-05 04:10:28+00:00,codingfess,code; guys ada yg pernah ambil kelas skilvul ui ux? menurut kalian gimana materinya? oke engga? sama ada prakteknya?
39,2022-02-04 08:58:28+00:00,hyvaikal,"UI Biasa aja: RB 16B
UX kelas wahid: Max Verstappen"
40,2022-02-03 08:30:20+00:00,myskill_id,"🌟UI/UX Design Mini Bootcamp: Batch 4🌟

✅Tutor: Andiastika Intan Pratiwi H (Product Designer - Ula)

✅Sabtu &amp; Minggu
26-27 Feb 2022

✅Only IDR 99 K

✅Benefit:
- Sesi praktik
- E-certificate
- Recording kelas

✅Register: https://t.co/tPa6q60Elv https://t.co/SyDZO1YNXb"
41,2022-02-03 03:36:23+00:00,Jerrypanjaitans,"Nama : Ariq

Pekerjaan : UI UX Designer Kelas Kakap di Start Up

Kelebihan : Kerja Swift, Gocek Cewe Kiri Kanan Sat Set

Kekurangan : Ga Bisa Baca Tiket Vaksin Ke 3 Di Peduli Lindungi. https://t.co/fB6OqEqbxl"
42,2022-02-01 14:54:06+00:00,crestcentmoon,"@collegemenfess ui ux, nanti bisa ke arah ux research atau ux writer, ada kakak kelas aku yg kuliahnya jurusan psikologi skrg jadi ux writer ;)"
43,2022-01-28 12:35:48+00:00,mightyzorian,alterra academy kga mau nerima apply-an kelas ui/ux gw ape :(
44,2022-01-26 09:32:54+00:00,harisenincom,"Ada Kelas apa aja si di Harisenin? 

Ada Digital Marketing, Audit dan Financial Analyst, Full Stack Web Developer, UI/UX Designer &amp; Product Manager, English for Professional, Human Resources, Graphic &amp; Motion Designer, dan masih banyak lagi, lohh~"
45,2022-01-25 12:44:13+00:00,nabilaron_,kelas 10 sma tapi uda jago ui ux design nangis ajade aku dipojokan😭👍
46,2022-01-24 16:03:13+00:00,ammanah,Semenjak tau keyword atomic dari kelas ui ux Binar. Ditambah lagi alhamdulillah alat tempur kerja sudah semakin mumpuni. Ngerjain figma sudah nggak sesulit dulu
47,2022-01-24 07:52:38+00:00,probablyhurts,setiap kelas pasti punya momen ngeroast ui/ux my umn
48,2022-01-23 13:36:20+00:00,icecreamismee,@fitririzkin info kelas ui/ux dari mana yaa?
49,2022-01-20 16:23:02+00:00,ammanah,"Fasil @academybinar kelas UI UX kali ini, super duper asik banget. Dikasih buku buku keren ttg dunia per UI an https://t.co/XJscjlK1FA"
50,2022-01-20 04:04:37+00:00,worksfess,Work! Apakah ada rekomendasi kelas Desain UI/UX yang free?
51,2022-01-18 03:44:08+00:00,ahmedfahrizal_,Februari sampa Maret 2022 bakal ngisi kelas UI/UX di UMM. See you Malang 👋🏻 https://t.co/eaOvRcaMyQ
52,2022-01-16 00:35:43+00:00,collegemenfess,"[Cm] ui ux tuh bisa nyambung ke jurusan psikologi kan? Lagi mau daftar kelas bootcamp gitu, nanya buat memastikan sebelum daftarr"
53,2022-01-14 10:04:47+00:00,zkistrry,"@worksfess Buat yg mau nyoba belajar ui/ux, cek langsung ke ig buildwith angga. Ada kelas gratisnya buat yg mau nyoba2 + mereka sering ngasih tips dibidang tech"
54,2022-01-11 00:32:02+00:00,punyapurasu,"Siapa tau ada yg mau shift karir ke UI/UX Design dan lagi cari tempat belajar untuk Mastering Basic UI/UX Design, yuk bisa daftar di sini. Kelas dimulai besok. https://t.co/JJvWgeAmfR cc: @hrdbacot"
55,2022-01-05 07:07:59+00:00,subkh4n,"menjadi mitra pembelajaran digital bagi anak bangsa dan dengan system bootcamp/adanya mentor untuk menyelesaikan setiap kelas yang di ikuti. Dan menambahkan path learning UI/UX designer di tahun 2022 ini. 

part~3"
56,2022-01-04 15:35:28+00:00,bgntdr,"@hrdbacot Aku pernah berniat sinau ui ux design, tapi malah ikutan kelas front end yang ternyata beda banget dengan yang aku maksud😂😂😂 sejak saat itu, aku mau merasa bego banget. Nggak baca detail. Coding blog aja cupu banget"
